Gene Name,,Accession,A tumor C010G,B1 tumor 97-03-C053G,B1 tumor B004B,B1 tumor B010B,B1 tumor C019R,B2 tumor 4003353C,B2 tumor C018G,B2 tumor C034G,C2 tumor 4003265J,C2 tumor B006C,C2 tumor C038R(A),C2 tumor C142,C3 tumor C223,D tumor 4002736D,D tumor 4003376A,D tumor C075,D tumor C153,D tumor C163R,A normal C010G,B1 normal 97-03-C053G,B1 normal B004B,B1 normal B010B,B1 normal C019R,B2 normal 4003353C,B2 normal C018G,B2 normal C034G,C2 normal 4003265J,C2 normal B006C,C2 normal C038R(A),C2 normal C142,C3 normal C223,D normal 4002736D,D normal 4003376A,D normal C075,D normal C153,D normal C163R,Entrez Definition,WI Definition,T-Test tumor vs. normal,Avg tumor,Avg normal,Ratio tumor/normal,Ratio Normal/Tumor,Corrected Tumor,Corrected Normal,Corrected T/N,Corrected N/T
1260M10065_f,2,M10065,19,-51,192,367,126,145,-14,-53,-51,22,64,-75,267,-139,-72,-56,377,1089,59,-26,173,66,81,-133,-85,-116,-103,39,-10,-97,-1,-145,-63,-69,-214,72,"""Human apolipoprotein E (epsilon-4 allele) gene, complete cds""","Human apolipoprotein E (epsilon-4 allele) gene, complete cds.",0.0289,120,-32,-3.8,-0.3,119.8,10.0,12.0,0.1
1242T55008,3,T55008,2,-1,7,3,-2,9,7,-5,0,11,6,-9,-5,-1,-1,33,2018,1,-1,15,2,-5,5,4,25,-6,-4,-5,-17,15,-10,7,-5,3,22,-5,yb45h04.s1 Homo sapiens cDNA clone 74167 3' similar to gb:X02619_rna1 APOLIPOPROTEIN A-II PRECURSOR (HUMAN),APOLIPOPROTEIN A-II PRECURSOR (HUMAN).,0.3223,115,2,52.4,0.0,115.2,10.0,11.5,0.1
793X54489,11,X54489,123,271,127,59,265,3,110,30,97,76,14,51,131,179,52,102,87,114,3,2,16,10,7,-1,-5,2,3,8,16,8,19,11,3,7,21,32,Human gene for melanoma growth stimulatory activity (MGSA),Human gene for melanoma growth stimulatory activity (MGSA).,0.0000,105,9,11.5,0.1,105.1,10.0,10.5,0.1
1328M13699_i,6,M13699,-4,-3,-14,-4,9,4,-23,17,15,-4,-11,1505,13,25,3,-8,11,6,1,-3,-1,0,-7,3,0,-16,-20,1,9,-12,-1,-15,-1,0,8,1,"""Human ceruloplasmin (ferroxidase) mRNA, complete cds""","Human ceruloplasmin (ferroxidase) mRNA, complete cds.",0.3086,85,-3,-29.3,-0.0,85.4,10.0,8.5,0.1
4109L22524,7,L22524,53,140,39,87,105,10,202,27,18,41,4,27,444,70,125,24,6,4,12,-1,4,8,2,5,-16,4,1,6,0,5,1,6,-1,2,0,10,"""Human matrilysin gene, exon 6 and complete cds""","Human matrilysin gene, exon 6 and complete cds.",0.0083,79,3,28.6,0.0,79.3,10.0,7.9,0.1
2451U22055,8,U22055,138,93,62,30,81,38,55,102,25,47,75,59,62,116,54,130,70,75,45,16,28,-4,-9,57,-28,-13,-51,-73,25,-21,34,21,-4,25,3,19,"""Human 100 kDa coactivator mRNA, complete cds""","Human 100 kDa coactivator mRNA, complete cds.",0.0000,73,4,19.3,0.1,72.9,10.0,7.3,0.1
8121H11125_i,84,H11125,68,60,94,78,204,131,142,13,110,95,84,67,10,160,251,28,28,57,95,43,96,94,30,212,78,157,107,101,22,119,71,109,-1484,128,190,67,ym14h08.s1 Homo sapiens cDNA clone 48206 3' similar to gb:D13639 G1/S-SPECIFIC CYCLIN D2 (HUMAN);,G1/S-SPECIFIC CYCLIN D2 (Homo sapiens),0.4292,93,13,7.2,0.1,93.3,13.0,7.2,0.1
2198R64130,9,R64130,5,6,225,6,303,3,-3,-5,-4,-4,0,6,686,6,12,-2,4,-4,5,1,22,-3,-1,4,2,3,-12,6,5,4,6,0,1,3,-2,1,yi18h03.s1 Homo sapiens cDNA clone 139637 3' similar to gb:M54995 PLATELET BASIC PROTEIN PRECURSOR (HUMAN);,PLATELET BASIC PROTEIN PRECURSOR (HUMAN);.,0.1253,69,3,27.1,0.0,68.9,10.0,6.9,0.1
8267H87456,19,H87456,75,186,186,77,87,51,64,84,87,115,686,66,53,77,20,191,58,58,-10,-1,-24,17,-3,62,9,11,0,9,120,28,62,16,-18,5,47,9,yw17d03.s1 Homo sapiens cDNA clone 252485 3',TRANSPLANTATION ANTIGEN P35B (Mus musculus),0.0035,124,19,6.5,0.2,123.5,18.9,6.5,0.2
115D14657,10,D14657,44,110,98,54,142,2,46,15,14,18,93,14,2,156,107,20,96,135,-8,-4,3,-8,2,21,-21,-3,-11,4,13,0,2,-8,3,7,-19,4,"""Human mRNA for KIAA0101 gene, complete cds""","Human mRNA for ORF, comlpete cds.",0.0001,65,-1,-52.5,-0.0,64.8,10.0,6.5,0.2
314J04765,15,J04765,18,24,10,36,6,83,26,248,100,118,7,-1,94,114,122,10,15,109,3,12,10,5,3,0,7,6,6,1,10,8,13,5,11,16,15,16,"""Human osteopontin mRNA, complete cds""",OSTEOPONTIN PRECURSOR (HUMAN);contains L1 repetitive element ;.,0.0026,63,8,7.7,0.1,63.3,10.0,6.3,0.2
1233M61832,31,M61832,224,198,89,154,258,13,112,12,6,70,80,151,56,254,92,146,229,71,54,21,40,46,14,53,10,-3,-14,32,38,15,26,-2,14,9,-11,29,"""Human S-adenosylhomocysteine hydrolase (AHCY) mRNA, complete cds""","Human S-adenosylhomocysteine hydrolase (AHCY) mRNA, complete cds.",0.0001,123,21,6.0,0.2,123.1,20.7,6.0,0.2
4329H64555,12,H64555,4,31,3,155,-1,11,-4,9,4,15,0,17,5,619,13,-4,142,36,-2,-13,-21,-7,-2,14,-17,3,10,1,-5,3,4,5,1,9,-12,1,yu63d08.s1 Homo sapiens cDNA clone 238479 3' similar to gb:M87068 S-100L PROTEIN (HUMAN);,S100 CALCIUM-BINDING PROTEIN A2 (Homo sapiens),0.1006,59,-2,-38.6,-0.0,58.6,10.0,5.9,0.2
970M77836,40,M77836,108,106,123,51,122,54,67,67,74,63,85,67,147,99,93,155,85,150,9,10,23,40,3,47,8,12,31,18,24,8,27,1,22,9,2,27,"""Human pyrroline 5-carboxylate reductase mRNA, complete cds""",PYRROLINE-5-CARBOXYLATE REDUCTASE (HUMAN);.,0.0000,96,18,5.3,0.2,95.5,17.9,5.3,0.2
1619T89991,13,T89991,-4,-2,-6,4,-4,-5,-11,4,958,10,2,10,-4,-1,-1,-3,-4,-1,-4,-1,0,2,-1,-2,4,8,-3,-2,-2,-25,-2,7,-8,-8,-14,-2,yd38c04.s1 Homo sapiens cDNA clone 110502 3',TNF RECEPTOR ASSOCIATED FACTOR 1 (Mus musculus),0.3150,52,-3,-18.5,-0.1,52.4,10.0,5.2,0.2
2490D21262,49,D21262,96,74,77,28,39,30,24,12,61,55,141,37,68,26,43,64,31,94,17,17,16,8,10,0,1,-9,8,19,28,3,26,5,-4,15,2,34,"""Human mRNA for KIAA0035 gene, partial cds""","Human mRNA (KIAA0035) for ORF (rat 140kd nucleolar phosphoprotein homologue), partial cds.",0.0000,56,11,5.2,0.2,55.6,10.8,5.2,0.2
2211M36821,44,M36821,137,206,196,119,337,-6,187,52,57,97,18,122,294,228,71,216,48,164,9,26,56,51,40,6,-6,13,8,20,70,17,33,35,9,4,33,72,"""Human cytokine (GRO-gamma) mRNA, complete cds""","Human cytokine (GRO-gamma) mRNA, complete cds.",0.0001,141,28,5.1,0.2,141.2,27.6,5.1,0.2
1713L23808,52,L23808,27,62,73,70,96,26,60,63,53,36,15,107,89,129,23,52,258,43,0,24,16,-5,20,3,51,14,8,6,22,-5,16,7,-4,58,19,2,"""Human metalloproteinase (HME) mRNA, complete cds""","Human metalloproteinase (HME) mRNA, complete cds.",0.0006,71,14,5.1,0.2,71.1,14.0,5.1,0.2
2284X02530,41,X02530,1,17,61,20,85,24,22,12,6,7,2,2,111,42,21,3,68,368,3,1,8,5,4,4,6,13,15,16,15,3,10,2,9,10,15,7,Human mRNA for gamma-interferon inducible early response gene (with homology to platelet proteins),Human mRNA for gamma-interferon inducible early response gene (with homology to platelet proteins).,0.0646,48,8,5.9,0.2,48.4,10.0,4.8,0.2
1205R08183,46,R08183,287,450,421,370,504,180,716,243,226,230,739,502,333,879,395,587,433,416,53,123,124,140,104,302,74,33,15,137,130,90,70,29,71,62,62,22,"""yf18e03.s1 Homo sapiens cDNA clone 127228 3' similar to SP:CH10_BOVIN Q04984 10 KD HEAT SHOCK PROTEIN, MITOCHONDRIAL ;""","Q04984 10 KD HEAT SHOCK PROTEIN, MITOCHONDRIAL ;.",0.0000,439,91,4.8,0.2,439.4,91.1,4.8,0.2
2057M77349,38,M77349,143,184,87,337,124,158,69,961,56,484,108,171,323,312,433,261,19,62,29,71,47,26,62,25,40,9,34,37,77,44,144,41,53,42,30,84,"""Human transforming growth factor-beta induced gene product (BIGH3) mRNA, complete cds""","Human transforming growth factor-beta induced gene product (BIGH3) mRNA, complete cds.",0.0032,238,50,4.8,0.2,238.4,49.7,4.8,0.2
882L29254,39,L29254,73,109,43,20,135,35,54,16,43,27,47,17,22,27,74,42,22,43,5,14,8,14,10,25,-4,8,7,7,14,4,8,9,5,6,2,2,"""Human (clone D21-1) L-iditol-2 dehydrogenase gene, exon 9 and complete cds""","Human (clone D21-1) L-iditol-2 dehydrogenase gene, exon 9 and complete cds.",0.0001,47,8,5.8,0.2,47.2,10.0,4.7,0.2
8224H50438,17,H50438,31,57,81,69,45,5,66,11,23,5,25,67,159,6,20,40,86,45,-4,10,-1,14,11,-18,17,-8,-2,3,29,-19,12,-6,-5,4,-33,9,yo29f11.s1 Homo sapiens cDNA clone 179373 3' similar to gb:S78187 M-PHASE INDUCER PHOSPHATASE 2 (HUMAN);,M-PHASE INDUCER PHOSPHATASE 2 (Homo sapiens),0.0001,47,1,68.3,0.0,46.8,10.0,4.7,0.2
3669U33286,56,U33286,96,76,90,127,109,24,67,40,58,53,67,247,41,186,61,318,50,66,25,14,8,14,18,54,16,15,-2,12,28,15,18,36,2,45,35,31,"""Human chromosome segregation gene homolog CAS mRNA, complete cds""","Human chromosome segregation gene homolog CAS mRNA, complete cds.",0.0004,99,21,4.7,0.2,98.8,21.2,4.7,0.2
700T60780,87,T60780,260,65,203,72,67,73,-30,61,30,31,540,145,21,333,28,314,349,24,45,5,33,11,-39,208,30,58,-25,35,112,50,112,-27,-52,44,-37,2,"""yb70f06.s1 Homo sapiens cDNA clone 76547 3' similar to gb:X06994 CYTOCHROME C1, HEME PROTEIN PRECURSOR (HUMAN);""","CYTOCHROME C1, HEME PROTEIN PRECURSOR (HUMAN);.",0.0094,144,31,4.6,0.2,143.7,31.4,4.6,0.2
2438Z48481,35,Z48481,141,87,113,135,-7,36,66,75,21,113,71,35,295,-40,17,50,47,175,22,75,7,0,30,-40,11,-12,-5,70,49,-9,36,-4,15,5,5,59,H.sapiens mRNA for membrane-type matrix metalloproteinase 1,H.sapiens mRNA for membrane-type matrix metalloproteinase 1.,0.0016,79,18,4.5,0.2,79.4,17.5,4.5,0.2
844X17668,22,X17668,4,31,82,14,111,6,1,5,-1,3,6,8,46,22,27,2,85,334,-1,1,13,8,0,7,7,1,6,4,4,1,0,5,25,10,10,9,"""Human mRNA for indoleamine 2,3-dioxygenase""","Human mRNA for indoleamine 2,3-dioxygenase.",0.0606,44,6,7.1,0.1,43.8,10.0,4.4,0.2
2645X54942_f,57,X54942,98,359,193,57,288,46,66,56,55,80,185,117,114,229,130,107,62,132,12,27,40,29,37,62,24,9,18,27,45,12,21,16,101,16,20,27,H.sapiens ckshs2 mRNA for Cks1 protein homologue,H.sapiens ckshs2 mRNA for Cks1 protein homologue.,0.0001,132,30,4.4,0.2,131.9,30.1,4.4,0.2
2789R32511,16,R32511,62,14,48,27,22,-10,27,50,17,20,38,57,32,91,26,191,50,20,-10,5,-11,-36,-3,15,-3,0,-1,-1,13,-1,-30,-3,-5,12,8,-6,yh73f06.s1 Homo sapiens cDNA clone 135395 3',H.sapiens mRNA for RNA polymerase II subunit.,0.0002,43,-3,-13.8,-0.1,43.5,10.0,4.3,0.2
3673R83313_i,63,R83313,35,63,53,34,61,22,55,47,85,-71,3869,39,79,49,41,69,82,75,45,68,78,87,71,5,35,61,57,89,35,124,76,47,53,56,43,49,yp82d03.s1 Homo sapiens cDNA clone 193925 3' similar to gb:X63564 DNA-DIRECTED RNA POLYMERASE II LARGEST SUBUNIT (HUMAN);,DNA-DIRECTED RNA POLYMERASE II LARGEST SUBUNIT (Homo sapiens),0.3625,260,60,4.3,0.2,260.3,60.0,4.3,0.2
627M26383,50,M26383,114,338,122,59,40,32,241,102,1383,174,34,124,337,221,84,46,741,251,20,14,38,12,20,12,22,25,22,33,75,19,106,13,16,19,347,215,"""Human monocyte-derived neutrophil-activating protein (MONAP) mRNA, complete cds""","Human monocyte-derived neutrophil-activating protein (MONAP) mRNA, complete cds.",0.0201,247,57,4.3,0.2,246.8,57.2,4.3,0.2
1005U33635,58,U33635,66,46,40,34,23,38,98,47,5,30,60,21,87,153,2,126,16,19,6,85,31,12,61,11,-19,-3,16,9,-12,-32,33,-17,44,-8,-19,15,"""Human colon carcinoma kinase-4 (CCK4) mRNA, complete cds""","Human colon carcinoma kinase-4 (CCK4) mRNA, complete cds.",0.0118,51,12,4.3,0.2,50.7,11.8,4.3,0.2
2798X72755,62,X72755,-2,16,113,42,67,31,40,33,34,-2,-6,22,39,51,16,13,108,160,9,9,9,-4,5,17,7,12,17,10,13,4,3,12,18,5,25,0,H.sapiens Humig mRNA,H.sapiens Humig mRNA.,0.0059,43,10,4.5,0.2,43.1,10.0,4.3,0.2
9035T87871_r,82,T87871,69,63,51,45,29,9,23,28,17,33,62,30,58,78,28,45,28,62,9,26,5,22,21,-25,-8,-4,-7,25,33,0,36,3,-4,18,-16,29,yd93b07.s1 Homo sapiens cDNA clone 115765 3',MYOBLAST CELL SURFACE ANTIGEN 24.1D5 (Homo sapiens),0.0000,42,9,4.7,0.2,42.1,10.0,4.2,0.2
679X05231,14,X05231,24,91,64,51,15,1,33,28,46,56,7,52,88,53,13,24,32,74,-1,4,6,-4,-1,11,-4,-1,4,2,8,3,3,0,-1,5,-12,6,Human mRNA for collagenase (E.C. 3.4.24),Human mRNA for collagenase (E.C. 3.4.24).,0.0000,42,2,26.6,0.0,41.8,10.0,4.2,0.2
549R36977,68,R36977,159,100,94,87,91,118,235,201,92,78,133,227,89,567,83,467,301,74,40,44,48,28,36,39,38,31,33,37,38,55,50,60,42,64,48,53,yf53h07.s1 Homo sapiens cDNA clone 26045 3' similar to SP:TF3A_XENLA P03001 TRANSCRIPTION FACTOR IIIA ;,P03001 TRANSCRIPTION FACTOR IIIA ;.,0.0006,178,44,4.1,0.2,177.5,43.6,4.1,0.2
2250U17899,71,U17899,30,54,46,82,20,59,46,50,40,116,66,68,52,73,44,145,93,112,29,6,20,23,15,19,8,22,-1,6,31,13,15,15,13,25,8,28,"""Human chloride channel regulatory protein mRNA, complete cds""","Human chloride channel regulatory protein mRNA, complete cds.",0.0000,66,16,4.0,0.2,66.3,16.5,4.0,0.2
2645X54942_i,75,X54942,160,388,258,177,250,125,96,69,92,182,300,163,127,139,184,83,65,237,31,47,53,35,40,91,37,25,61,93,74,24,30,24,32,18,12,50,H.sapiens ckshs2 mRNA for Cks1 protein homologue,H.sapiens ckshs2 mRNA for Cks1 protein homologue.,0.0000,172,43,4.0,0.3,171.9,43.1,4.0,0.3
1287J03464_i,53,J03464,63,66,56,79,47,84,45,84,41,30,4,98,10,245,82,51,24,36,7,37,3,24,44,15,1,-35,4,29,18,28,10,17,51,45,-5,1,"""Human collagen alpha-2 type I mRNA, complete cds, clone pHCOL2A1""",PROCOLLAGEN ALPHA 2(I) CHAIN PRECURSOR (HUMAN);contains element MER22 repetitive element ;.,0.0021,64,16,3.9,0.3,63.6,16.5,3.9,0.3
799L19779,20,L19779,-25,55,-3,24,24,23,4,22,-35,158,62,-13,192,20,15,6,64,101,-38,-5,-33,9,-21,29,-35,21,-8,43,-10,-32,29,23,24,10,17,25,"""Homo sapiens histone H2A.2 mRNA, complete cds""","Homo sapiens histone H2A.2 mRNA, complete cds.",0.0059,39,3,14.2,0.1,38.5,10.0,3.9,0.3
8475H40677,94,H40677,63,209,86,42,31,41,58,33,48,22,29,39,195,4,35,51,20,82,15,18,23,24,11,5,30,10,4,26,19,12,35,14,10,8,8,13,yp50e07.s1 Homo sapiens cDNA clone 190884 3',PROBABLE NUCLEAR ANTIGEN (Pseudorabies virus),0.0021,61,16,3.8,0.3,60.6,15.9,3.8,0.3
19D12765_i,21,D12765,84,53,49,173,149,16,-13,-15,-12,210,-27,-29,10,-11,-13,92,1,-38,-19,14,-52,-38,-65,-93,-49,-113,18,23,-36,-121,-11,-70,-77,-67,-119,-59,Human mRNA for E1A-F,Human mRNA for E1A-F.,0.0000,38,-52,-0.7,-1.4,37.8,10.0,3.8,0.3
4268H65842,81,H65842,72,42,52,54,35,18,27,29,20,39,62,69,51,37,14,54,27,34,5,-3,10,13,12,24,16,6,21,14,9,11,22,10,1,17,-6,14,"""yr69g06.s1 Homo sapiens cDNA clone 210586 3' similar to gb:M87546 RED CELL ACID PHOSPHATASE 1, ISOZYME S (HUMAN);""","RED CELL ACID PHOSPHATASE 1, ISOZYME F (Homo sapiens)",0.0000,41,11,3.8,0.3,40.8,10.9,3.8,0.3
1001R06239,80,R06239,14,13,0,22,110,40,92,40,42,50,54,100,-2,339,57,75,80,58,2,18,13,15,2,53,52,40,23,12,-12,35,-14,-1,31,26,27,-1,ye94g12.s1 Homo sapiens cDNA clone 125446 3',TRANSCRIPTION INITIATION FACTOR TFIID (Homo sapiens),0.0202,66,18,3.7,0.3,65.8,17.8,3.7,0.3
1360M30448,88,M30448,119,92,52,112,50,37,38,13,41,39,64,63,55,41,69,80,31,80,32,14,34,8,6,35,-9,5,-5,23,24,28,21,-2,24,34,0,27,"""Human casein kinase II beta subunit mRNA, complete cds""","Human casein kinase II beta subunit mRNA, complete cds.",0.0000,60,17,3.6,0.3,59.9,16.6,3.6,0.3
2751R73490,23,R73490,38,76,88,51,1,33,59,44,-13,37,43,-25,132,21,-59,46,24,52,8,33,41,60,53,-29,-15,-14,-78,-63,20,14,50,28,-47,33,-12,8,yj93c12.s1 Homo sapiens cDNA clone 156310 3',PROBABLE NUCLEAR ANTIGEN (Pseudorabies virus),0.0058,36,5,7.2,0.1,36.1,10.0,3.6,0.3
1433L03840,136,L03840,106,100,49,111,102,47,96,71,40,43,43,104,62,109,110,86,77,47,54,14,53,28,26,17,0,-2,36,16,8,15,15,-6,14,63,46,-5,"""Human fibroblast growth factor receptor 4 (FGFR4) mRNA, complete cds""","Human fibroblast growth factor receptor 4 (FGFR4) mRNA, complete cds.",0.0000,78,22,3.6,0.3,78.0,21.9,3.6,0.3
704T51961,92,T51961,82,75,67,58,45,26,66,26,41,21,60,81,36,78,89,49,75,81,19,17,22,12,22,34,8,20,17,17,23,7,20,12,13,16,8,17,yb29b04.s1 Homo sapiens cDNA clone 72559 3' similar to gb:M15796 PROLIFERATING CELL NUCLEAR ANTIGEN (HUMAN),PROLIFERATING CELL NUCLEAR ANTIGEN (HUMAN).,0.0000,59,17,3.5,0.3,58.6,16.9,3.5,0.3
1129R88575,97,R88575,102,111,93,102,116,81,100,52,52,59,104,92,27,43,42,63,96,83,36,31,33,39,22,40,9,6,9,32,23,-15,23,1,41,45,5,34,ym95f04.s1 Homo sapiens cDNA clone 166687 3' similar to gb:X67688 TRANSKETOLASE (HUMAN);,TRANSKETOLASE (HUMAN);.,0.0000,79,23,3.4,0.3,78.8,23.1,3.4,0.3
1134T59354_i,184,T59354,240,20,50,104,99,202,180,295,183,78,228,201,-71,93,42,65,321,71,92,1,40,14,-15,452,24,-21,40,-2,-44,-30,-22,-8,70,72,43,-2,yb57e03.s1 Homo sapiens cDNA clone 75292 3',EBNA-2 NUCLEAR PROTEIN (Epstein-barr virus),0.0096,133,39,3.4,0.3,133.4,39.1,3.4,0.3
2292Z11887,24,Z11887,19,82,12,29,74,-12,89,3,-11,15,4,11,274,-21,45,-3,-2,4,0,-10,-2,-2,-3,-2,-7,1,-12,-8,-2,-5,-1,-2,-3,-4,2,3,H.sapiens PUMP-1 gene encoding PUMP,MATRILYSIN PRECURSOR (HUMAN);.,0.0344,34,-3,-10.8,-0.1,34.0,10.0,3.4,0.3
2355Z46629_f,109,Z46629,70,102,64,52,154,64,44,124,36,30,76,49,18,68,94,96,70,52,28,18,63,30,28,26,-7,26,-1,17,21,8,10,30,38,9,15,16,Homo sapiens SOX9 mRNA,Homo sapiens SOX9 mRNA.,0.0000,70,21,3.4,0.3,70.3,20.7,3.4,0.3
2203H90495,70,H90495,21,88,169,95,95,20,123,15,15,14,26,57,77,-20,60,24,-3,21,5,13,49,44,44,6,5,6,40,7,27,5,5,6,0,-1,-8,12,yv02a07.s1 Homo sapiens cDNA clone 241524 3',"HEXOKINASE, TYPE I (Homo sapiens)",0.0028,50,15,3.4,0.3,49.9,14.7,3.4,0.3
2572R46716,106,R46716,28,119,52,23,100,19,43,49,17,13,71,65,46,73,48,57,40,53,10,41,19,18,20,20,-4,16,-3,10,33,4,24,6,15,17,12,13,yg54f12.s1 Homo sapiens cDNA clone 36504 3',GTPASE ACTIVATING PROTEIN ROTUND (Drosophila melanogaster),0.0000,51,15,3.4,0.3,50.8,15.1,3.4,0.3
3049X05232,28,X05232,2,9,30,4,27,12,35,22,159,3,4,58,7,56,61,69,28,18,6,7,6,2,6,3,6,9,12,4,14,0,12,15,5,6,-5,-2,Human mRNA for stromelysin,Human mRNA for stromelysin.,0.0060,33,6,5.7,0.2,33.5,10.0,3.3,0.3
71T67689,26,T67689,8,4,46,16,106,27,39,17,57,27,18,50,41,19,10,7,90,10,-3,4,-3,3,3,11,4,4,54,6,-8,6,-3,-4,-5,2,0,2,yc27a11.s1 Homo sapiens cDNA clone 81884 3' similar to gb:X59766 ZINC-ALPHA-2-GLYCOPROTEIN PRECURSOR (HUMAN);,ZINC-ALPHA-2-GLYCOPROTEIN PRECURSOR (HUMAN);.,0.0005,33,4,8.0,0.1,32.9,10.0,3.3,0.3
2762R49825,235,R49825,15,41,102,14,-26,124,28,63,75,-9,51,57,0,55,67,78,90,11,-24,-1,32,-58,48,34,53,45,14,-51,3,39,-3,22,55,46,18,-16,yj55d05.s1 Homo sapiens cDNA clone 152649 3' similar to gb:L25665 POSSIBLE GTP-BINDING PROTEIN HSR1 (HUMAN);,POSSIBLE GTP-BINDING PROTEIN HSR1 (Homo sapiens),0.0026,46,14,3.3,0.3,46.4,14.3,3.3,0.3
2286X13967,60,X13967,39,95,61,36,151,-63,-6,-4,-35,45,-3,-62,368,-101,-12,-46,-13,134,-6,-23,-16,-20,-28,-41,-51,-17,-103,-30,44,-50,82,-48,-52,-25,-23,61,Human mRNA for leukaemia inhibitory factor (LIF/HILDA),Human mRNA for leukaemia inhibitory factor (LIF/HILDA).,0.0170,32,-19,-1.7,-0.6,32.5,10.0,3.2,0.3
2485D14694,42,D14694,52,10,17,20,17,48,12,11,52,16,16,29,28,25,27,104,59,37,22,28,7,16,7,-9,18,-14,31,-19,21,7,20,7,-2,8,20,-4,"""Human mRNA for KIAA0024 gene, complete cds""","Human mRNA (KIAA0024) for ORF (putative human counterpart of chinese hamster phosphatidylserine synthase gene), complete cds.",0.0015,32,9,3.6,0.3,32.3,10.0,3.2,0.3
4112M92383,151,M92383,131,166,185,221,156,304,147,435,298,207,170,310,153,434,438,160,733,145,133,123,202,155,98,594,-1859,335,218,102,142,155,72,159,190,198,294,185,"""Homo sapiens thymosin beta-10 gene, 3'end""","Homo sapiens thymosin beta-10 gene, 3'end.",0.1237,266,83,3.2,0.3,266.3,83.2,3.2,0.3
1210R50129,124,R50129,78,48,127,79,86,41,78,12,42,27,72,90,71,45,34,61,98,113,42,29,30,33,26,13,13,30,22,25,28,25,23,-5,22,10,-5,15,yj54h10.s1 Homo sapiens cDNA clone 152611 3' similar to gb:J02939 4F2 CELL-SURFACE ANTIGEN HEAVY CHAIN (HUMAN);,4F2 CELL-SURFACE ANTIGEN HEAVY CHAIN (HUMAN);.,0.0000,67,21,3.2,0.3,66.7,21.0,3.2,0.3
1287J03464_r_i,76,J03464,38,77,50,76,55,88,45,23,21,19,4,51,4,211,99,28,24,24,8,18,13,9,33,20,-9,2,20,15,-5,37,23,34,42,33,8,0,"""Human collagen alpha-2 type I mRNA, complete cds, clone pHCOL2A1""",PROCOLLAGEN ALPHA 2(I) CHAIN PRECURSOR (HUMAN);contains element MER22 repetitive element ;.,0.0031,52,17,3.1,0.3,52.0,16.7,3.1,0.3
1226T64148,117,T64148,78,42,53,53,50,135,48,133,53,38,23,62,20,183,90,150,201,38,12,43,42,7,36,33,6,33,13,48,10,27,18,12,45,34,38,11,yc09b11.s1 Homo sapiens cDNA clone 80157 3' similar to gb:Y00345_cds1 POLYADENYLATE-BINDING PROTEIN (HUMAN);,POLYADENYLATE-BINDING PROTEIN (Xenopus laevis),0.0005,81,26,3.1,0.3,80.6,26.1,3.1,0.3
3441H09599_i,150,H09599,72,79,90,56,162,34,27,19,48,70,80,113,107,51,113,86,8,179,16,68,84,52,15,25,-20,2,-4,23,74,-7,59,10,16,30,-28,38,yl97c10.s1 Homo sapiens cDNA clone 46382 3',MITOCHONDRIAL IMPORT RECEPTOR MOM38 (Neurospora crassa),0.0001,78,25,3.1,0.3,77.5,25.2,3.1,0.3
3632H30564_f,86,H30564,45,186,50,54,32,60,45,29,45,54,42,68,153,9,72,59,33,78,14,15,21,26,18,47,27,19,15,-3,17,-3,28,29,45,14,8,26,yp45f02.s1 Homo sapiens cDNA clone 190395 3',PROBABLE NUCLEAR ANTIGEN (Pseudorabies virus),0.0009,62,20,3.1,0.3,61.9,20.2,3.1,0.3
2239R61502,138,R61502,111,77,97,71,100,80,60,60,71,73,60,100,78,88,46,161,49,110,24,33,30,32,37,58,8,17,20,27,43,15,47,13,6,30,21,26,yh16a01.s1 Homo sapiens cDNA clone 37679 3',"Human tumor necrosis factor type 1 receptor associated protein (TRAP1) mRNA, partial cds.",0.0000,83,27,3.1,0.3,82.9,27.1,3.1,0.3
831M22382,125,M22382,350,545,486,189,489,171,591,339,335,137,668,339,316,659,378,547,390,379,96,143,176,174,101,215,98,137,102,141,135,142,134,111,97,113,173,116,"""Human mitochondrial matrix protein P1 (nuclear encoded) mRNA, complete cds""",MITOCHONDRIAL MATRIX PROTEIN P1 PRECURSOR (HUMAN);.,0.0000,406,133,3.0,0.3,406.1,133.4,3.0,0.3
2224U31278,147,U31278,47,116,56,22,123,12,22,11,28,28,82,39,35,45,34,47,24,41,9,16,19,12,15,22,18,10,18,-1,32,17,15,13,13,5,12,20,"""Human mitotic feedback control protein Madp2 homolog mRNA, complete cds""","Human mitotic feedback control protein Madp2 homolog mRNA, complete cds.",0.0007,45,15,3.0,0.3,45.0,14.8,3.0,0.3
1958J02888_i,146,J02888,33,23,72,53,47,33,48,7,70,19,44,43,43,90,56,39,1,101,24,9,11,13,18,39,-10,-33,32,30,14,12,42,32,32,11,-7,2,"""Human quinone oxidoreductase (NQO2) mRNA, complete cds""","Human quinone oxidoreductase (NQO2) mRNA, complete cds.",0.0002,46,15,3.0,0.3,45.7,15.0,3.0,0.3
3318H65116,79,H65116,33,30,14,19,32,19,23,43,67,24,-0,65,6,67,71,23,8,5,5,11,12,17,3,15,6,11,9,9,6,11,7,9,7,6,0,-0,yu64g03.s1 Homo sapiens cDNA clone 238612 3',"Human bumetanide-sensitive Na-K-Cl cotransporter (NKCC1) mRNA, complete cds.",0.0006,30,8,3.8,0.3,30.4,10.0,3.0,0.3
2364X16396,153,X16396,70,150,146,35,98,74,45,35,94,37,60,96,89,55,64,132,80,168,15,49,24,11,28,37,18,20,27,37,48,27,29,35,30,16,25,28,Human mRNA for NAD-dependent methylene tetrahydrofolate dehydrogenase cyclohydrolase (EC 1.5.1.15),Human mRNA for NAD-dependent methylene tetrahydrofolate dehydrogenase cyclohydrolase (EC 1.5.1.15).,0.0000,85,28,3.0,0.3,84.8,27.9,3.0,0.3
3331T86473,121,T86473,161,205,155,106,119,72,133,99,217,138,117,279,181,495,211,277,191,155,36,53,63,63,33,128,51,49,62,55,75,56,28,65,70,54,70,83,yd81d11.s1 Homo sapiens cDNA clone 114645 3' similar to gb:X17620 NUCLEOSIDE DIPHOSPHATE KINASE A (HUMAN);,NUCLEOSIDE DIPHOSPHATE KINASE A (HUMAN);.,0.0001,184,61,3.0,0.3,183.8,60.8,3.0,0.3
448H09351,131,H09351,433,128,341,228,171,125,197,67,164,257,170,250,379,232,163,312,212,264,86,44,59,111,73,54,86,57,48,58,120,89,138,82,47,86,56,64,yl95g07.s1 Homo sapiens cDNA clone 46019 3' similar to gb:D28480 MCM3 HOMOLOG (HUMAN);,MCM3 HOMOLOG (HUMAN);.,0.0000,227,75,3.0,0.3,227.4,75.4,3.0,0.3
727M96577,33,M96577,32,33,28,6,81,-25,-2,-8,6,-8,-11,108,54,131,-15,100,-1,33,-26,-1,-39,-34,4,-23,22,9,-6,-21,-19,16,-6,31,11,-13,-41,-19,"""Homo sapiens (E2F-1) pRB-binding protein mRNA, complete cds""",RETINOBLASTOMA BINDING PROTEIN 3 (HUMAN);.,0.0012,30,-9,-3.5,-0.3,30.1,10.0,3.0,0.3
3326U04810,118,U04810,28,84,60,49,100,16,80,-6,46,55,133,61,122,19,28,59,18,115,13,19,25,71,23,13,-45,-6,17,43,43,28,51,13,23,13,-18,31,"""Human tastin mRNA, complete cds""","Human tastin mRNA, complete cds.",0.0004,59,20,3.0,0.3,59.3,19.8,3.0,0.3
1207T51571,139,T51571,183,416,675,446,656,386,323,335,209,433,243,291,799,637,485,365,1049,391,101,244,184,201,145,103,165,151,100,156,242,130,132,208,163,136,100,112,yb25g06.s1 Homo sapiens cDNA clone 72250 3' similar to SP:CALG_RABIT P24480 CALGIZZARIN,P24480 CALGIZZARIN.,0.0000,462,154,3.0,0.3,462.3,154.2,3.0,0.3
1881M14083,55,M14083,22,83,50,52,5,76,12,132,28,26,17,-16,258,19,6,14,16,139,15,12,20,4,8,6,-24,-11,5,19,66,-15,168,13,-6,4,-8,39,"""Human beta-migrating plasminogen activator inhibitor I mRNA, 3' end""","Human beta-migrating plasminogen activator inhibitor I mRNA, 3' end.",0.0049,52,18,3.0,0.3,52.2,17.5,3.0,0.3
3665Z50194,30,Z50194,6,19,2,23,-1,10,35,114,13,5,67,1,99,38,38,11,52,4,-14,-4,-3,-5,-3,6,20,76,9,-33,-5,3,-5,14,14,18,8,2,H.sapiens mRNA for PQ-rich protein,H.sapiens mRNA for PQ-rich protein.,0.0019,30,5,5.4,0.2,29.6,10.0,3.0,0.3
2772R50534,157,R50534,30,18,42,33,54,57,38,1,52,62,13,37,40,72,39,27,6,18,-6,9,12,-10,8,-11,45,-3,51,12,24,12,16,20,28,2,12,-7,yj57c07.s1 Homo sapiens cDNA clone 152844 3',TNF RECEPTOR ASSOCIATED FACTOR 1 (Mus musculus),0.0004,35,12,3.0,0.3,35.4,12.0,3.0,0.3
490T70062,188,T70062,90,99,89,62,121,31,48,39,65,33,177,71,19,45,60,99,55,27,21,24,21,19,26,54,13,23,14,23,17,4,36,25,42,29,10,19,yc17d09.s1 Homo sapiens cDNA clone 80945 3',"Human nuclear factor NF45 mRNA, complete cds.",0.0004,68,23,2.9,0.3,68.2,23.3,2.9,0.3
3147D31766,29,D31766,34,33,39,22,45,7,32,29,14,19,27,21,16,7,18,31,71,58,7,11,3,-3,18,-10,-11,-1,-4,-4,-0,-11,-14,11,-8,20,5,0,"""Human mRNA for KIAA0060 gene, complete cds""","Human mRNA (KIAA0060) for ORF (related to E.coli N-acetylglucosamine transport protein), complete cds.",0.0000,29,1,50.1,0.0,29.1,10.0,2.9,0.3
773H40095,176,H40095,563,376,258,279,282,414,343,429,317,474,315,225,443,611,301,547,40,314,148,107,107,48,44,225,130,130,75,119,164,101,179,138,129,171,97,135,yn85b03.s1 Homo sapiens cDNA clone 175181 3' similar to gb:L19686_rna1 MACROPHAGE MIGRATION INHIBITORY FACTOR (HUMAN);,MACROPHAGE MIGRATION INHIBITORY FACTOR (HUMAN);.,0.0000,363,125,2.9,0.3,362.8,124.8,2.9,0.3
1907R73461,37,R73461,23,9,38,101,-6,89,-49,69,-51,78,-36,-88,19,-79,-18,320,111,-9,36,35,2,10,14,-52,-36,68,-68,15,22,-42,36,-13,43,-20,5,-1,yl10f12.s1 Homo sapiens cDNA clone 157871 3',T-CELL RECEPTOR BETA CHAIN PRECURSOR (Oryctolagus cuniculus),0.2745,29,3,10.0,0.1,29.0,10.0,2.9,0.3
734M27281,133,M27281,90,86,101,101,36,79,119,-1,48,43,69,11,233,8,52,35,-3,39,22,10,38,74,43,-15,9,-6,10,36,36,10,77,12,9,2,-6,33,"""Human vascular permeability factor mRNA, complete cds""",VASCULAR ENDOTHELIAL GROWTH FACTOR PRECURSOR (HUMAN);contains element HGR repetitive element ;.,0.0011,64,22,2.9,0.3,63.5,21.9,2.9,0.3
3628H30387,143,H30387,6,8,7,10,32,28,42,20,50,36,19,37,20,55,33,53,25,39,6,2,8,9,1,27,31,6,2,9,4,31,-6,13,14,8,-5,11,ym58e11.s1 Homo sapiens cDNA clone 52583 3',CELL DIVISION CONTROL PROTEIN 19 (Schizosaccharomyces pombe),0.0001,29,9,3.1,0.3,28.8,10.0,2.9,0.3
3534H20822,112,H20822,16,19,47,33,33,22,35,42,52,23,9,-2,140,30,19,23,33,120,-1,9,18,9,11,4,6,9,15,24,15,10,23,12,20,20,20,17,ym48b08.s1 Homo sapiens cDNA clone 51447 3',LOW AFFINITY IMMUNOGLOBULIN GAMMA FC RECEPTOR III-1 PRECURSOR (Homo sapiens),0.0059,39,13,2.9,0.3,38.5,13.4,2.9,0.3
1449R39356_f,145,R39356,38,69,57,80,60,2,81,16,26,56,35,-9,49,32,2,53,19,87,21,31,32,27,29,38,-28,-3,4,25,33,0,17,-1,24,20,-27,23,yd02e03.s1 Homo sapiens cDNA clone 24415 3' similar to gb:X54156_rna1 CELLULAR TUMOR ANTIGEN P53 (HUMAN);contains Alu repetitive element;contains MER12 repetitive element ;,CELLULAR TUMOR ANTIGEN P53 (Homo sapiens),0.0024,42,15,2.8,0.4,41.8,14.7,2.8,0.4
2455R27342,144,R27342,75,113,75,47,190,27,50,46,28,37,68,100,55,112,86,62,59,45,26,35,29,9,17,58,18,19,31,16,31,24,23,22,35,17,16,24,yh53b11.s1 Homo sapiens cDNA clone 133437 3' similar to SP:JC2258 JC2258 SUBSTRATE PROTEIN OF MITOCHONDRIAL ATP DEPENDENT PROTEASE SP-22 - ;,JC2258 SUBSTRATE PROTEIN OF MITOCHONDRIAL ATP DEPENDENT PROTEASE SP-22 - ;.,0.0003,71,25,2.8,0.4,70.8,25.0,2.8,0.4
452D25218_i,32,D25218,96,16,33,26,20,8,4,-3,3,65,77,13,47,0,2,52,5,45,-11,4,8,9,-1,2,-6,-6,3,7,25,-3,4,-3,-3,-9,14,12,"""Human mRNA for KIAA0112 gene, partial cds""","Human mRNA (HA0609) for ORF, partial cds.",0.0016,28,3,11.1,0.1,28.3,10.0,2.8,0.4
988J02814,67,J02814,56,7,23,26,1,34,34,36,9,27,10,15,173,3,-5,15,4,34,-3,14,11,0,8,-4,4,-7,2,10,29,-2,40,-2,4,4,8,26,"""Human chondroitin sulfate proteoglycan core protein mRNA, 3' end""","Human chondroitin sulfate proteoglycan core protein mRNA, 3' end.",0.0260,28,8,3.5,0.3,28.0,10.0,2.8,0.4
1401R02151,194,R02151,73,52,47,138,100,66,601,108,49,94,47,101,47,287,145,69,218,103,97,49,39,16,63,167,-12,38,17,34,56,12,43,16,65,47,59,38,ye87b07.s1 Homo sapiens cDNA clone 124693 3' similar to SP:S40468 S40468 PROTEASOME SUBUNIT RC10-II - ;,S40468 PROTEASOME SUBUNIT RC10-II - ;.,0.0350,130,47,2.8,0.4,130.3,47.0,2.8,0.4
1020X57766,103,X57766,96,40,85,283,54,148,150,213,61,245,43,82,83,92,57,92,51,73,35,57,38,39,41,34,64,35,47,41,32,33,14,44,39,32,41,37,Human stromelysin-3 mRNA,Human stromelysin-3 mRNA.,0.0008,108,39,2.8,0.4,108.2,39.0,2.8,0.4
3016T47377,213,T47377,145,300,309,116,658,467,333,400,821,120,70,686,1,615,404,646,22,57,63,16,45,60,17,69,243,472,47,29,162,142,22,363,134,230,113,5,yb13b10.s1 Homo sapiens cDNA clone 71035 3' similar to gb:X65614 S-100P PROTEIN (HUMAN),S-100P PROTEIN (HUMAN).,0.0021,343,124,2.8,0.4,342.8,124.0,2.8,0.4
133L20298,162,L20298,66,127,130,103,116,48,79,71,33,55,116,91,96,90,58,37,50,104,30,53,45,42,71,12,21,19,-2,31,47,0,42,2,21,27,32,39,"""Homo sapiens transcription factor (CBFB) mRNA, 3' end""","Homo sapiens transcription factor (CBFB) mRNA, 3' end.",0.0000,82,30,2.8,0.4,81.7,29.6,2.8,0.4
1609U18291_f,165,U18291,73,47,67,103,19,83,102,57,98,43,58,170,49,54,-6,129,101,73,26,46,32,67,75,7,16,-46,4,50,58,22,59,2,12,32,-14,30,"""Human CDC16Hs mRNA, complete cds""","Human CDC16Hs mRNA, complete cds.",0.0020,73,27,2.8,0.4,73.4,26.6,2.8,0.4
2928X63629,108,X63629,53,56,67,60,72,42,55,35,25,92,70,109,36,69,72,121,8,37,9,9,15,27,20,12,85,28,14,19,21,14,27,-5,17,9,48,24,H.sapiens mRNA for p cadherin,H.sapiens mRNA for p cadherin.,0.0007,60,22,2.8,0.4,60.0,21.7,2.8,0.4
1060M88338,34,M88338,19,50,75,30,77,20,-21,-4,44,21,18,5,10,29,-6,4,14,109,2,39,11,-7,21,-3,-19,-13,-28,13,-3,-50,-23,-17,15,-16,-16,4,"""Human serum constituent protein (MSE55) mRNA, complete cds""",SERUM PROTEIN MSE55 (HUMAN);contains MSR1 repetitive element ;.,0.0003,28,-5,-5.5,-0.2,27.5,10.0,2.8,0.4
2646R33007_f,95,R33007,44,49,24,121,157,-4,16,20,96,113,26,25,30,21,34,105,-1,6,21,21,28,55,37,11,9,9,-8,16,31,23,17,17,22,5,-3,9,yh70a02.s1 Homo sapiens cDNA clone 135050 3' similar to gb:M92299 HOMEOBOX PROTEIN HOX-B5 (HUMAN);,HOMEOBOX PROTEIN HOX-B5 (Mus musculus),0.0083,49,18,2.7,0.4,49.0,17.9,2.7,0.4
9736T49945,36,T49945,-5,5,41,17,17,27,36,40,-6,-20,-27,26,57,23,22,26,112,104,-31,-7,3,-17,-5,-2,-9,-11,4,-5,-13,-1,0,12,11,26,-2,-7,ya99e09.s1 Homo sapiens cDNA clone 69832 3' similar to gb:X00570 APOLIPOPROTEIN C-I PRECURSOR (HUMAN),APOLIPOPROTEIN C-I PRECURSOR (Mus musculus),0.0025,27,-3,-9.2,-0.1,27.4,10.0,2.7,0.4
1287J03464_f,91,J03464,127,208,183,221,88,166,153,196,71,148,61,142,282,380,128,69,45,209,43,81,36,40,129,12,21,14,120,82,63,53,90,41,95,50,11,71,"""Human collagen alpha-2 type I mRNA, complete cds, clone pHCOL2A1""",PROCOLLAGEN ALPHA 2(I) CHAIN PRECURSOR (HUMAN);contains element MER22 repetitive element ;.,0.0003,160,58,2.7,0.4,159.8,58.3,2.7,0.4
1483H29320,163,H29320,94,100,106,78,157,43,52,33,35,46,51,58,46,93,42,81,40,111,20,42,36,28,35,32,22,14,11,29,50,20,27,9,28,24,11,25,ym60e02.s1 Homo sapiens cDNA clone 52626 3',HYPOTHETICAL GTP-BINDING PROTEIN IN PMI40-PAC2 INTERGENIC REGION (Saccharomyces cerevisiae),0.0000,70,26,2.7,0.4,70.3,25.7,2.7,0.4
1612T51621,189,T51621,78,55,70,54,52,33,10,12,6,55,51,19,70,27,28,12,31,63,29,14,33,22,35,12,-24,-19,-3,23,31,-8,23,0,19,18,27,33,yb27h09.s1 Homo sapiens cDNA clone 72449 3',"Human ionizing radiation resistance conferring protein mRNA, complete cds.",0.0000,40,15,2.7,0.4,40.3,14.7,2.7,0.4
1502R00453_f,59,R00453,6,6,50,35,31,19,7,13,6,-7,13,-5,91,15,4,8,55,145,7,8,9,4,8,3,4,14,1,10,9,5,7,3,8,7,3,5,ye72d11.s1 Homo sapiens cDNA clone 123285 3',GAMMA INTERFERON INDUCED MONOKINE PRECURSOR (Homo sapiens),0.0357,27,6,4.3,0.2,27.3,10.0,2.7,0.4
7933R71676,225,R71676,185,161,190,144,96,138,151,112,78,166,230,153,92,100,160,146,133,158,61,25,67,60,58,38,110,58,48,60,43,53,77,48,-72,49,113,58,yj85e03.s1 Homo sapiens cDNA clone 155548 3',CURVED DNA-BINDING PROTEIN (Schizosaccharomyces pombe),0.0000,144,53,2.7,0.4,144.1,53.0,2.7,0.4
1012T52362_f,107,T52362,28,24,26,19,23,18,27,41,23,30,28,23,18,19,26,31,59,27,7,25,13,4,12,11,6,5,1,13,11,3,3,-2,16,9,5,3,yb23g02.s1 Homo sapiens cDNA clone 72050 3',NUCLEOTIDE-SENSITIVE CHLORIDE CHANNEL (Canis familiaris),0.0000,27,8,3.4,0.3,27.2,10.0,2.7,0.4
1388R89715_f,27,R89715,167,-30,-6,287,20,-63,-157,-32,-174,-5,143,-128,103,-19,76,-65,103,269,331,-50,91,113,-12,-86,-193,-116,-122,-21,9,-405,-2,-95,17,-88,103,62,ym99a09.s1 Homo sapiens cDNA clone 167032 3',"PROTEIN KINASE C, GAMMA TYPE (Homo sapiens)",0.0474,27,-26,-1.0,-1.0,27.1,10.0,2.7,0.4
891M19045,206,M19045,1074,1171,1077,425,903,767,326,825,119,143,186,111,688,260,61,48,1359,1058,196,217,437,61,233,51,313,320,216,256,337,372,123,46,201,140,188,214,"""Human lysozyme mRNA, complete cds""","Human lysozyme mRNA, complete cds.",0.0031,589,218,2.7,0.4,588.8,217.8,2.7,0.4
1312H48051,43,H48051,41,51,28,71,57,0,31,-24,5,29,55,8,33,-12,26,20,9,56,2,16,18,9,13,-7,-49,-59,-6,-1,-12,-20,2,-29,-17,-25,-62,-4,yp79g11.s1 Homo sapiens cDNA clone 193700 3',SEVENLESS PROTEIN (Drosophila virilis),0.0000,27,-13,-2.1,-0.5,26.9,10.0,2.7,0.4
388U04313,45,U04313,22,133,47,8,2,21,5,14,55,5,16,-1,0,4,47,7,30,66,1,-4,4,6,1,-5,-41,2,2,5,8,-8,-14,-10,2,2,-3,-3,"""Human maspin mRNA, complete cds""",MASPIN PRECURSOR (HUMAN);.,0.0016,27,-3,-9.1,-0.1,26.7,10.0,2.7,0.4
1073X12466,174,X12466,255,306,308,293,287,130,235,263,119,200,339,212,197,550,244,231,341,282,62,108,135,79,145,233,70,68,17,168,167,70,82,47,89,132,43,96,Human mRNA for snRNP E protein,Human mRNA for snRNP E protein.,0.0000,266,101,2.6,0.4,266.2,100.6,2.6,0.4
6454R60357,185,R60357,107,132,206,112,162,110,93,19,75,77,168,137,217,47,64,198,123,113,37,60,48,73,44,21,30,-24,13,63,92,35,111,34,14,64,16,89,yh04h06.s1 Homo sapiens cDNA clone 42284 3',Human mRNA for alanyl tRNA synthetase.,0.0000,120,45,2.6,0.4,120.1,45.4,2.6,0.4
205L12350,122,L12350,64,35,48,46,20,81,39,50,21,45,235,12,259,18,15,33,3,75,25,41,20,14,37,11,10,9,8,37,43,2,48,22,17,17,5,51,"""Human thrombospondin 2 (THBS2) mRNA, complete cds""",THROMBOSPONDIN 2 PRECURSOR (HUMAN);.,0.0209,61,23,2.6,0.4,61.1,23.2,2.6,0.4
3252L41559,178,L41559,100,125,133,79,86,52,81,124,77,89,208,179,66,101,53,136,128,127,47,48,28,10,37,54,28,20,7,76,47,39,110,13,22,61,35,59,"""Homo sapiens pterin-4a-carbinolamine dehydratase (PCBD) mRNA, complete cds""","Homo sapiens pterin-4a-carbinolamine dehydratase (PCBD) mRNA, complete cds.",0.0000,108,41,2.6,0.4,107.9,41.2,2.6,0.4
3163R64115_i,186,R64115,188,124,69,82,135,26,153,142,160,108,54,192,73,184,74,256,299,88,19,9,48,24,28,72,78,125,67,-4,8,121,1,85,44,51,123,20,yi18e06.s1 Homo sapiens cDNA clone 139618 3' similar to gb:M61832 ADENOSYLHOMOCYSTEINASE (HUMAN);,ADENOSYLHOMOCYSTEINASE (Homo sapiens),0.0000,134,51,2.6,0.4,133.8,51.1,2.6,0.4
6814H08393,169,H08393,56,22,35,19,24,36,70,29,29,38,39,50,21,31,34,60,21,24,25,3,16,31,9,14,24,-1,8,13,14,8,27,14,24,7,-12,21,yl92a10.s1 Homo sapiens cDNA clone 45395 3',COLLAGEN ALPHA 2(XI) CHAIN (Homo sapiens),0.0000,35,14,2.6,0.4,35.4,13.7,2.6,0.4
3244R71505,215,R71505,44,67,54,17,44,26,28,14,36,15,25,12,23,27,42,55,26,42,2,25,28,21,11,7,6,8,10,15,21,-3,18,9,16,16,0,20,yi52h02.s1 Homo sapiens cDNA clone 142899 3' similar to contains Alu repetitive element;contains CER repetitive element ;,DNA-DIRECTED RNA POLYMERASE III LARGEST SUBUNIT (Plasmodium falciparum),0.0000,33,13,2.6,0.4,33.2,12.9,2.6,0.4
8160R61831_s,183,R61831,18,48,39,40,37,15,32,55,1,-11,75,33,24,28,28,12,33,22,11,17,21,23,6,-28,-21,4,12,27,32,20,16,31,12,29,-19,12,yh06f05.s1 Homo sapiens cDNA clone 42442 3' similar to contains MER6 repetitive element ;,TYROSINE-PROTEIN KINASE RECEPTOR CEK5 PRECURSOR (Gallus gallus),0.0081,29,11,2.6,0.4,29.3,11.4,2.6,0.4
1220H65182,187,H65182,60,239,215,218,416,58,83,51,50,56,61,80,232,232,157,33,389,469,60,114,59,56,153,30,48,30,49,82,160,40,55,60,61,14,57,82,yu66a05.s1 Homo sapiens cDNA clone 238736 3',SIGNAL TRANSDUCER AND ACTIVATOR OF TRANSCRIPTION 1-ALPHA/BETA (Homo sapiens),0.0030,172,67,2.6,0.4,172.0,67.0,2.6,0.4
2705X56597_f,229,X56597,235,172,112,180,78,108,78,65,175,126,73,146,101,79,87,210,79,170,32,69,53,16,34,141,6,22,49,64,65,44,38,62,32,44,45,71,Human humFib mRNA for fibrillarin,Human humFib mRNA for fibrillarin.,0.0000,126,49,2.6,0.4,126.2,49.2,2.6,0.4
8056T91563,201,T91563,13,47,31,19,41,44,20,15,34,24,27,17,28,15,29,17,36,25,4,9,12,1,3,7,-2,5,14,17,17,4,21,16,18,11,8,24,"""ye21c03.s1 Homo sapiens cDNA clone 118372 3' similar to gb:M59040 CD44 ANTIGEN, EPITHELIAL FORM PRECURSOR (HUMAN);""","CD44 ANTIGEN, EPITHELIAL FORM PRECURSOR (Homo sapiens)",0.0000,27,10,2.6,0.4,26.7,10.4,2.6,0.4
1915L06419,190,L06419,43,20,17,33,25,30,39,19,72,42,55,22,58,-20,40,65,22,68,24,18,7,-1,17,11,3,-7,34,-5,16,17,16,28,11,25,8,33,"""Homo sapiens lysyl hydroxylase (PLOD) mRNA, complete cds""","PROCOLLAGEN-LYSINE,2-OXOGLUTARATE 5-DIOXYGENASE PRECURSOR (HUMAN);.",0.0006,36,14,2.6,0.4,36.0,14.1,2.6,0.4
1301T70891,218,T70891,46,31,208,239,100,157,123,107,51,38,67,31,165,18,10,57,546,671,83,58,145,49,93,21,135,-27,56,83,35,72,33,15,35,89,3,65,yc49b10.s1 Homo sapiens cDNA clone 83995 3' similar to gb:M12529 APOLIPOPROTEIN E PRECURSOR (HUMAN);,APOLIPOPROTEIN E PRECURSOR (Oryctolagus cuniculus),0.0612,148,58,2.6,0.4,148.0,57.8,2.6,0.4
2880H24033,172,H24033,215,123,98,58,88,65,68,129,77,46,58,87,92,118,58,222,26,53,19,68,103,37,20,5,-1,15,9,29,45,30,50,24,30,26,43,107,ym49h08.s1 Homo sapiens cDNA clone 51699 3' similar to gb:K02276 MYC PROTO-ONCOGENE PROTEIN (HUMAN);,MYC PROTO-ONCOGENE PROTEIN (HUMAN);.,0.0017,93,37,2.6,0.4,93.2,36.5,2.6,0.4
2046M96956,238,M96956,15,28,16,42,3,75,49,37,33,13,45,63,8,32,31,36,4,27,8,11,6,5,14,14,16,4,18,14,18,23,12,19,4,11,5,15,"""Human (clone CR-3) teratocarcinoma-derived growth factor 3 (TDGF3) mRNA, complete cds""","Human (clone CR-3) teratocarcinoma-derived growth factor 3 (TDGF3) mRNA, complete cds.",0.0004,31,12,2.6,0.4,31.0,12.1,2.6,0.4
1875T94764,102,T94764,2,31,41,3,23,25,19,81,20,16,1,31,5,17,30,48,55,12,8,4,17,6,7,5,-12,6,3,9,4,-3,-1,4,8,36,16,0,ye37h10.s1 Homo sapiens cDNA clone 119971 3' similar to gb:M93651 SET PROTEIN (HUMAN);,SET PROTEIN (Homo sapiens),0.0005,26,6,4.0,0.3,25.5,10.0,2.6,0.4
1093H10798,253,H10798,94,99,66,56,152,40,53,39,35,2,10,63,46,104,60,76,136,69,40,39,32,35,33,63,-3,38,24,23,31,-17,13,13,39,17,27,23,ym04h12.s1 Homo sapiens cDNA clone 46984 3' similar to gb:M61832 ADENOSYLHOMOCYSTEINASE (HUMAN);,ADENOSYLHOMOCYSTEINASE (Homo sapiens),0.0009,67,26,2.6,0.4,66.6,26.1,2.6,0.4
1070R42244,195,R42244,47,181,268,248,249,107,92,67,117,63,33,92,188,267,224,23,264,381,63,104,29,80,129,40,22,29,63,78,144,32,60,29,64,54,68,60,yf98b12.s1 Homo sapiens cDNA clone 30543 3' similar to gb:X57522 ANTIGEN PEPTIDE TRANSPORTER 1 (HUMAN);,ANTIGEN PEPTIDE TRANSPORTER 1 (HUMAN);.,0.0015,162,64,2.5,0.4,161.6,63.8,2.5,0.4
406U11050,47,U11050,10,61,24,10,64,2,18,7,24,7,24,12,20,76,34,28,13,21,-1,0,4,4,6,6,-17,-4,-1,11,8,9,-5,-4,-0,2,10,-6,"""Human NIMA-like protein kinase 1 (NLK1) mRNA, complete cds""","Human NIMA-like protein kinase 1 (NLK1) mRNA, complete cds.",0.0004,25,1,20.1,0.0,25.3,10.0,2.5,0.4
1012T52374,248,T52374,28,12,-6,60,19,27,1,15,21,36,58,5,17,56,2,30,42,27,14,22,9,8,30,53,-21,3,-17,26,9,17,14,-5,11,20,-22,-2,yb23h05.s1 Homo sapiens cDNA clone 72057 3',TRANSCRIPTION REGULATORY PROTEIN GAL11 (Saccharomyces cerevisiae),0.0300,25,10,2.6,0.4,24.9,10.0,2.5,0.4
7395R10066,297,R10066,174,143,151,164,263,120,160,176,132,310,325,280,149,338,183,268,114,33,118,92,122,30,43,113,37,101,4,110,145,66,126,46,19,58,95,82,yf35a01.s1 Homo sapiens cDNA clone 128808 3' similar to gb:S85655 PROHIBITIN (HUMAN);,PROHIBITIN (Homo sapiens),0.0001,193,78,2.5,0.4,193.4,78.1,2.5,0.4
3263U26312,203,U26312,223,138,268,65,204,47,76,66,124,88,46,141,154,218,97,208,95,153,21,47,72,62,57,34,51,68,39,50,84,39,63,39,67,69,45,75,"""Human heterochromatin protein HP1Hs-gamma mRNA, complete cds""","Human heterochromatin protein HP1Hs-gamma mRNA, partial cds.",0.0002,134,55,2.5,0.4,134.0,54.5,2.5,0.4
2199R12588,326,R12588,40,81,67,32,133,36,75,46,72,32,127,89,66,96,93,66,42,112,7,16,23,33,31,51,48,35,14,44,40,39,17,17,30,28,26,34,yf30f05.s1 Homo sapiens cDNA clone 128385 3',G2/MITOTIC-SPECIFIC CYCLIN B2 (Mesocricetus auratus),0.0001,73,30,2.5,0.4,72.6,29.6,2.5,0.4
662T86749,210,T86749,100,72,77,30,72,28,58,20,39,47,61,46,90,59,42,67,33,75,32,27,33,33,27,-4,13,14,19,35,31,22,32,14,8,22,27,29,yd77g12.s1 Homo sapiens cDNA clone 114310 3',"Human (clone PSK-J3) cyclin-dependent protein kinase mRNA, complete cds.,.",0.0000,56,23,2.5,0.4,56.4,23.0,2.5,0.4
2723X13425,90,X13425,12,20,87,15,6,127,13,22,25,7,-0,18,8,8,30,23,8,13,6,11,8,3,0,11,7,25,15,-1,3,3,7,12,19,4,16,0,Human mRNA for pancreatic carcinoma marker GA733-1,Human mRNA for pancreatic carcinoma marker GA733-1.,0.0413,25,8,3.0,0.3,24.5,10.0,2.5,0.4
2765R50354_f,222,R50354,30,69,43,13,68,10,15,11,15,50,16,48,116,6,10,6,8,71,4,16,6,12,13,9,9,9,15,31,26,5,28,8,3,10,0,42,yj59d01.s1 Homo sapiens cDNA clone 153025 3' similar to gb:M63420_rna1 LEUKAEMIA INHIBITORY FACTOR PRECURSOR (HUMAN);,LEUKAEMIA INHIBITORY FACTOR PRECURSOR (Homo sapiens),0.0051,34,14,2.5,0.4,33.6,13.7,2.5,0.4
832T51023,214,T51023,779,729,603,569,459,350,1783,492,288,366,907,497,607,646,349,601,666,499,256,279,295,233,202,103,340,180,226,251,271,149,384,292,157,377,219,358,yb55h04.s1 Homo sapiens cDNA clone 75127 3' similar to gb:M16660 HEAT SHOCK PROTEIN HSP 90-BETA (HUMAN),HEAT SHOCK PROTEIN HSP 90-BETA (HUMAN).,0.0001,622,254,2.4,0.4,621.6,253.9,2.4,0.4
3803R75843,217,R75843,291,454,313,282,869,198,258,173,465,359,350,244,461,259,561,352,179,501,91,168,192,200,147,111,155,107,98,186,121,117,151,115,182,209,98,240,yi59f12.s1 Homo sapiens cDNA clone 143567 3' similar to contains Alu repetitive element;,TRANSLATIONAL INITIATION FACTOR 2 GAMMA SUBUNIT (Homo sapiens),0.0000,365,149,2.4,0.4,365.1,149.4,2.4,0.4
8781T40454_f,242,T40454,167,305,246,110,281,115,110,36,144,110,131,179,243,256,144,141,67,153,45,69,66,110,74,47,51,51,33,75,99,60,98,71,63,80,43,65,ya01f03.s2 Homo sapiens cDNA clone 60221 3',ANTIGENIC SURFACE DETERMINANT PROTEIN OA3 PRECURSOR (Homo sapiens),0.0000,163,67,2.4,0.4,163.2,66.8,2.4,0.4
3306X12671,209,X12671,443,394,271,288,195,120,241,321,344,361,401,291,167,418,266,311,322,460,94,142,127,94,118,67,199,99,75,103,126,118,211,67,76,240,128,216,Human gene for heterogeneous nuclear ribonucleoprotein (hnRNP) core protein A1,Human gene for heterogeneous nuclear ribonucleoprotein (hnRNP) core protein A1.,0.0000,312,128,2.4,0.4,311.8,127.9,2.4,0.4
1722M86752,307,M86752,119,116,150,181,115,21,81,101,139,140,250,120,89,95,163,144,196,199,123,125,141,131,106,24,-61,129,71,76,6,-53,6,-38,86,-5,92,32,"""Human transformation-sensitive protein (IEF SSP 3521) mRNA, complete cds""",TRANSFORMATION-SENSITIVE PROTEIN IEF SSP 3521 (HUMAN);.,0.0004,134,55,2.4,0.4,134.4,55.1,2.4,0.4
960H16991,233,H16991,61,87,110,24,66,27,21,7,43,21,57,8,59,11,14,50,16,49,14,19,11,25,32,14,5,15,13,23,7,12,37,9,12,13,21,19,ym34g09.s1 Homo sapiens cDNA clone 50234 3' similar to gb:M96954 NUCLEOLYSIN TIAR (HUMAN);,NUCLEOLYSIN TIAR (HUMAN);.,0.0029,41,17,2.4,0.4,40.6,16.8,2.4,0.4
601J05032,205,J05032,121,41,67,63,50,33,95,82,61,57,60,92,81,179,52,85,38,58,34,36,25,27,46,12,29,19,5,27,44,33,48,27,33,35,19,44,"""Human aspartyl-tRNA synthetase alpha-2 subunit mRNA, complete cds""","Human aspartyl-tRNA synthetase alpha-2 subunit mRNA, complete cds.",0.0001,73,30,2.4,0.4,73.1,30.2,2.4,0.4
853R42501,252,R42501,259,204,140,156,155,127,138,65,133,154,324,119,54,102,61,192,80,110,60,57,65,52,33,138,54,21,45,51,76,20,76,61,55,74,45,80,yf91a09.s1 Homo sapiens cDNA clone 29607 3' similar to gb:J04208 INOSINE-5'-MONOPHOSPHATE DEHYDROGENASE 2 (HUMAN);,INOSINE-5'-MONOPHOSPHATE DEHYDROGENASE 2 (HUMAN);.,0.0001,143,59,2.4,0.4,142.9,59.2,2.4,0.4
9972T51261,199,T51261,158,160,120,251,239,206,104,343,74,306,55,208,150,316,41,202,124,68,75,89,59,58,101,18,61,51,70,59,92,86,99,93,66,44,81,94,yb03h03.s1 Homo sapiens cDNA clone 70133 3',GLIA DERIVED NEXIN PRECURSOR (Mus musculus),0.0004,174,72,2.4,0.4,173.7,72.0,2.4,0.4
3378H41006,560,H41006,16,23,9,13,29,7,139,20,29,14,2,23,13,30,27,40,15,7,3,17,8,12,2,21,-30,22,15,10,18,2,4,24,14,26,15,8,yo08d06.s1 Homo sapiens cDNA clone 177323 3',QUINOL OXIDASE POLYPEPTIDE I (Bacillus subtilis),0.1336,25,11,2.4,0.4,25.3,10.5,2.4,0.4
1047R84411,254,R84411,475,332,356,359,185,183,383,305,131,213,423,455,266,336,302,166,686,317,127,242,181,123,195,133,46,140,49,200,191,130,108,80,130,135,135,98,yp89g11.s1 Homo sapiens cDNA clone 194660 3' similar to gb:J04564 SMALL NUCLEAR RIBONUCLEOPROTEIN ASSOCIATED PROTEINS B AND B' (HUMAN);,SMALL NUCLEAR RIBONUCLEOPROTEIN ASSOCIATED PROTEINS B AND B' (HUMAN);.,0.0000,326,136,2.4,0.4,326.3,135.6,2.4,0.4
9174D28137,216,D28137,23,44,202,111,160,135,53,41,173,38,10,17,311,143,278,296,114,413,54,71,49,56,82,-1,61,15,53,59,45,57,74,89,13,110,47,133,"""Human mRNA for BST-2, complete cds""","Human mRNA for BST-2, complete cds.",0.0042,142,59,2.4,0.4,142.4,59.3,2.4,0.4
555M32313,154,M32313,24,26,32,18,25,12,38,17,11,15,103,8,15,16,10,18,11,32,13,9,16,10,10,15,8,-1,10,7,11,-3,4,-3,9,9,21,9,"""Human steroid 5-alpha-reductase mRNA, complete cds""","Human steroid 5-alpha-reductase mRNA, complete cds.",0.0072,24,9,2.8,0.4,24.0,10.0,2.4,0.4
3083D00596,259,D00596,70,138,73,27,125,56,24,14,106,54,89,65,72,42,58,52,58,175,14,28,38,58,23,37,25,18,31,33,51,27,41,8,24,20,23,41,"""Human thymidylate syntase (EC 2.1.1.45) gene, complete cds""","Human thymidylate syntase (EC 2.1.1.45) gene, complete cds.",0.0004,72,30,2.4,0.4,72.0,30.0,2.4,0.4
2370U31556,228,U31556,32,59,46,26,38,54,19,27,19,2,29,34,5,99,38,186,20,26,13,20,35,12,38,11,18,19,2,16,10,15,13,27,28,20,15,6,"""Human transcription factor E2F-5 mRNA, complete cds""","Human transcription factor E2F-5 mRNA, complete cds.",0.0195,42,18,2.4,0.4,42.1,17.7,2.4,0.4
2561Z14978_i,333,Z14978,13,21,10,1,12,100,43,-18,62,21,29,59,15,-27,41,34,5,11,5,10,17,0,6,-1,45,-1,18,8,1,21,-11,26,13,17,12,-6,H.sapiens mRNA for actin-related protein,H.sapiens mRNA for actin-related protein.,0.0758,24,10,2.4,0.4,23.9,10.1,2.4,0.4
4431H78816,208,H78816,33,68,58,24,25,28,32,7,31,49,32,32,8,9,25,38,11,15,12,1,24,28,6,26,10,16,3,7,16,17,3,1,9,9,31,3,yu56f04.s1 Homo sapiens cDNA clone 230143 3',PLECKSTRIN (Homo sapiens),0.0023,29,12,2.4,0.4,29.1,12.3,2.4,0.4
140M87789_f,101,M87789,1564,39,2565,1518,2718,1650,1852,816,891,465,888,312,4617,406,119,791,2494,3546,1261,252,652,192,682,975,55,29,42,203,526,195,446,2734,1586,576,154,991,"""Human (hybridoma H210) anti-hepatitis A IgG variable region, constant region, complementarity-determining regions mRNA, complete cds""",IG GAMMA-1 CHAIN C REGION (HUMAN);.,0.0246,1514,642,2.4,0.4,1514.0,641.7,2.4,0.4
1477T70251,54,T70251,60,14,34,32,41,17,25,-5,-6,18,44,18,32,15,26,34,7,19,-6,4,-1,-6,1,4,-37,-21,-19,5,15,-23,-1,-25,1,1,-16,5,yd26a08.s1 Homo sapiens cDNA clone 109334 3',NEGATIVE REGULATOR OF MITOSIS (Emericella nidulans),0.0000,24,-7,-3.6,-0.3,23.6,10.0,2.4,0.4
9868T50501,51,T50501,31,10,20,13,18,18,20,22,9,35,26,38,-1,50,17,12,64,23,-1,5,9,1,-0,-1,-4,12,4,6,19,-3,13,-1,-3,5,21,12,yb76g02.s1 Homo sapiens cDNA clone 77138 3',EUKARYOTIC INITIATION FACTOR 1A (Saccharomyces cerevisiae),0.0001,24,5,4.5,0.2,23.6,10.0,2.4,0.4
1792H79819,257,H79819,37,48,44,59,55,17,26,21,30,14,35,9,55,16,33,30,16,81,16,24,31,28,17,12,15,0,-2,12,19,10,24,11,14,8,3,25,yu10f03.s1 Homo sapiens cDNA clone 233405 3' similar to gb:M36067 DNA LIGASE I (HUMAN);,DNA LIGASE I (HUMAN);.,0.0000,35,15,2.3,0.4,34.8,14.8,2.3,0.4
392R11676,249,R11676,24,36,28,33,46,41,47,17,49,45,84,45,38,47,64,58,22,59,14,17,14,31,13,40,21,8,12,22,18,10,13,26,26,16,15,19,yf40h11.s1 Homo sapiens cDNA clone 129381 3',"Human p55CDC mRNA, complete cds.",0.0000,44,19,2.3,0.4,43.5,18.6,2.3,0.4
4544H87135,247,H87135,152,107,181,97,85,62,60,25,68,84,44,81,294,61,30,86,42,71,29,46,44,67,65,22,29,0,12,62,67,39,92,33,32,25,-4,37,yw16f12.s1 Homo sapiens cDNA clone 252431 3',IMMEDIATE-EARLY PROTEIN IE180 (Pseudorabies virus),0.0007,91,39,2.3,0.4,90.6,38.7,2.3,0.4
2644X54941,263,X54941,45,80,80,19,67,39,41,57,36,24,77,46,78,116,47,72,103,49,17,31,22,22,28,65,16,26,31,18,24,21,17,24,18,16,48,16,H.sapiens ckshs1 mRNA for Cks1 protein homologue,H.sapiens ckshs1 mRNA for Cks1 protein homologue.,0.0001,60,26,2.3,0.4,59.8,25.6,2.3,0.4
3346U29195,93,U29195,3,2,1,9,-9,0,3,194,13,4,-5,165,6,6,-6,31,6,-1,3,-1,5,3,6,7,20,14,7,0,10,-8,8,6,-7,6,13,18,"""Human neuronal pentraxin II (NPTX2) gene, exon 5 and complete cds""","Human neuronal pentraxin II (NPTX2) gene, exon 5 and complete cds.",0.2297,23,6,3.8,0.3,23.4,10.0,2.3,0.4
136L20492_f,353,L20492,34,-8,-4,50,31,46,6,45,39,1,26,31,4,49,26,-24,49,45,35,-18,9,11,0,21,-16,48,66,0,-4,-17,-7,-20,11,-1,49,25,"""Human gamma-glutamyl transpeptidase mRNA, complete cds""","Human gamma-glutamyl transpeptidase mRNA, complete cds.",0.0263,25,11,2.3,0.4,24.8,10.6,2.3,0.4
3163R64115_f,232,R64115,294,250,74,172,231,63,221,156,191,149,81,270,164,256,180,383,287,128,71,23,91,114,56,94,144,92,78,114,108,72,53,62,114,83,63,92,yi18e06.s1 Homo sapiens cDNA clone 139618 3' similar to gb:M61832 ADENOSYLHOMOCYSTEINASE (HUMAN);,ADENOSYLHOMOCYSTEINASE (Homo sapiens),0.0002,197,85,2.3,0.4,197.1,84.7,2.3,0.4
252D10923,258,D10923,34,25,77,35,59,40,13,0,158,82,29,25,227,19,9,19,59,98,9,22,23,10,20,2,3,7,35,34,42,11,18,19,89,5,38,46,Human mRNA for HM74,Human mRNA for HM74.,0.0365,56,24,2.3,0.4,55.9,24.0,2.3,0.4
1046H29485,269,H29485,99,151,140,118,137,69,86,65,20,91,268,58,97,186,87,121,85,91,34,82,61,52,84,33,-27,29,33,74,95,42,45,19,67,53,35,41,ym32h11.s1 Homo sapiens cDNA clone 49970 3' similar to gb:X69804 LUPUS LA PROTEIN (HUMAN);,LUPUS LA PROTEIN (HUMAN);.,0.0000,109,47,2.3,0.4,109.4,47.3,2.3,0.4
2333T73337,48,T73337,4,12,21,32,-2,65,17,34,9,10,0,17,28,6,-2,17,61,87,6,-3,13,5,1,16,5,-23,-15,15,4,19,2,7,-3,26,-12,9,yc34g06.s1 Homo sapiens cDNA clone 82618 3' similar to gb:X00570 APOLIPOPROTEIN C-I PRECURSOR (HUMAN);,APOLIPOPROTEIN C-I PRECURSOR (HUMAN);.,0.0097,23,4,5.6,0.2,23.1,10.0,2.3,0.4
957M26697,265,M26697,797,720,615,407,557,462,617,720,888,647,590,837,521,1239,919,1035,930,981,219,308,280,226,303,376,320,255,285,293,348,290,374,375,265,512,318,497,"""Human nucleolar protein (B23) mRNA, complete cds""","Human nucleolar protein (B23) mRNA, complete cds.",0.0000,749,325,2.3,0.4,749.0,324.7,2.3,0.4
9958T51206,313,T51206,5,44,82,47,62,41,43,27,68,20,10,92,14,95,65,13,70,93,8,27,23,25,15,40,5,12,43,19,16,18,22,25,13,30,31,14,yb03c05.s1 Homo sapiens cDNA clone 70088 3' similar to gb:Z14977_rna1 PROTEASOME CHAIN 7 (HUMAN),PROTEASOME CHAIN 7 PRECURSOR (Homo sapiens),0.0011,50,21,2.3,0.4,49.5,21.5,2.3,0.4
1386R44798,454,R44798,80,44,42,64,87,-1,37,-7,11,39,50,18,101,-15,8,34,15,113,58,34,33,41,34,9,0,16,-3,34,21,-52,42,16,9,6,-5,21,yg23f04.s1 Homo sapiens cDNA clone 33108 3',PUTATIVE ABC TRANSPORTER C48B4.5 IN CHROMOSOME III (Caenorhabditis elegans),0.0077,40,17,2.3,0.4,39.9,17.4,2.3,0.4
4128U21090,278,U21090,41,81,96,53,172,89,139,60,134,19,164,145,88,82,78,176,108,10,7,35,26,27,28,84,46,21,60,36,64,73,53,40,20,62,48,30,"""Human DNA polymerase delta small subunit mRNA, complete cds""","Human DNA polymerase delta small subunit mRNA, complete cds.",0.0001,96,42,2.3,0.4,96.4,42.1,2.3,0.4
462U09564,311,U09564,141,105,100,109,68,60,68,53,61,104,90,121,105,190,103,195,54,75,53,37,48,72,27,51,41,34,28,45,75,45,58,30,49,34,35,26,"""Human serine kinase mRNA, complete cds""","Human serine kinase mRNA, complete cds.",0.0000,100,44,2.3,0.4,100.0,43.8,2.3,0.4
1905X78342,180,X78342,4,11,58,90,84,38,42,10,98,7,37,34,-1,-5,34,78,12,54,22,8,22,48,32,27,6,1,28,-16,1,27,33,27,25,12,5,-7,H.sapiens PISSLRE mRNA,H.sapiens PISSLRE mRNA.,0.0099,38,17,2.3,0.4,38.1,16.7,2.3,0.4
1004T51849_f,246,T51849,15,6,122,39,151,154,61,161,109,99,62,45,6,114,82,87,45,17,14,40,32,14,39,51,74,56,29,47,4,50,31,20,61,39,51,-47,yb54f05.s1 Homo sapiens cDNA clone 75009 3',TYROSINE-PROTEIN KINASE RECEPTOR ELK PRECURSOR (Rattus norvegicus),0.0017,76,34,2.3,0.4,76.4,33.7,2.3,0.4
5682H60150,251,H60150,41,33,44,16,56,1,6,4,26,7,10,11,51,24,26,32,9,44,9,18,5,22,29,-3,18,7,-2,13,21,11,15,14,12,19,-25,12,yr37f12.s1 Homo sapiens cDNA clone 207503 3',H.sapiens mRNA for skeletal muscle abundant protein.,0.0043,24,11,2.3,0.4,24.4,10.8,2.3,0.4
2325U14747,74,U14747,4,23,19,35,6,11,-3,27,13,24,13,12,59,21,67,13,14,47,-0,17,0,-8,-2,-11,-2,-26,-23,-8,3,-1,16,2,-1,12,-12,1,"""Human visinin-like peptide 1 homolog mRNA, complete cds""","Human visinin-like peptide 1 homolog mRNA, complete cds.",0.0001,23,-2,-9.2,-0.1,22.6,10.0,2.3,0.4
2360H24250,255,H24250,5,14,22,23,18,50,34,23,36,47,18,28,36,39,23,32,20,16,8,10,16,24,8,11,-1,13,4,14,27,16,11,20,-7,23,-2,18,ym50h12.s1 Homo sapiens cDNA clone 52050 3',SEVENLESS PROTEIN (Drosophila melanogaster),0.0005,27,12,2.3,0.4,26.9,11.9,2.3,0.4
2838R43928_f,287,R43928,79,49,43,60,67,21,19,24,-13,80,76,-3,55,-30,28,283,67,54,61,39,16,34,53,34,-83,89,-39,2,40,-6,44,-27,8,52,83,27,yg22d03.s1 Homo sapiens cDNA clone 33282 3',FMS TYROSINE KINASE TRANSFORMING PROTEIN (Feline sarcoma virus),0.0558,53,24,2.3,0.4,53.3,23.7,2.3,0.4
1984J05200,423,J05200,7,21,21,4,36,63,4,5,62,19,6,0,16,45,40,44,5,6,6,20,18,0,30,11,-2,12,-32,10,8,13,15,21,31,6,-2,14,"""Human ryanodine receptor mRNA, complete cds""","RYANODINE RECEPTOR, SKELETAL MUSCLE (HUMAN);.",0.0564,22,10,2.3,0.4,22.5,10.0,2.2,0.4
8583R44770,268,R44770,70,67,97,42,31,18,30,86,26,57,124,65,53,79,31,27,125,32,47,6,-8,8,-26,95,35,39,9,32,11,22,44,27,-16,71,33,42,yg23a06.s1 Homo sapiens cDNA clone 32991 3',METABOTROPIC GLUTAMATE RECEPTOR 2 PRECURSOR (Rattus norvegicus),0.0107,59,26,2.2,0.4,58.8,26.2,2.2,0.4
996M26252,304,M26252,194,296,289,140,479,398,356,333,367,267,841,170,448,144,517,141,564,479,112,231,152,152,164,130,149,147,175,185,179,147,182,138,156,155,120,186,"""Human TCB gene encoding cytosolic thyroid hormone-binding protein, complete cds""","PYRUVATE KINASE, M2 ISOZYME (HUMAN);.",0.0002,357,159,2.2,0.4,356.9,159.1,2.2,0.4
1656M92642,302,M92642,39,98,28,14,6,18,165,36,53,8,21,80,26,31,1,-8,7,10,16,24,6,20,44,45,-27,6,35,12,5,28,23,-6,-4,66,-11,2,"""Homo sapiens alpha-1 type XVI collagen (COL16A1) mRNA, complete cds""","Homo sapiens alpha-1 type XVI collagen (COL16A1) mRNA, complete cds.",0.1474,35,16,2.2,0.4,35.2,15.7,2.2,0.4
391R37640,73,R37640,17,25,39,3,28,-14,7,48,-12,21,50,33,32,13,14,23,28,44,13,-10,0,-7,28,20,-24,39,-22,-23,19,-14,6,-9,-16,-18,-3,22,yf61b04.s1 Homo sapiens cDNA clone 26670 3' similar to gb:M96995 GROWTH FACTOR RECEPTOR-BOUND PROTEIN 2 (HUMAN);,GROWTH FACTOR RECEPTOR-BOUND PROTEIN 2 (HUMAN);.,0.0002,22,0,224.1,0.0,22.3,10.0,2.2,0.4
1511V00530,281,V00530,25,36,34,40,20,35,54,27,23,35,25,45,10,70,26,40,39,29,10,19,23,18,20,26,10,16,5,14,23,-13,10,14,26,14,32,8,Human mRNA encoding IMP:pyrophosphate phosphoribosyltransferase E.C. 2.4.2.8,Human mRNA encoding IMP:pyrophosphate phosphoribosyltransferase E.C. 2.4.2.8.,0.0004,34,15,2.2,0.4,34.1,15.3,2.2,0.4
2537U30872,382,U30872,14,31,19,23,37,43,32,0,35,14,33,15,26,4,14,26,26,28,6,2,11,10,4,4,4,29,27,2,12,18,-1,12,13,10,13,9,"""Human mitosin mRNA, complete cds""","Human mitosin mRNA, complete cds.",0.0041,23,10,2.2,0.4,23.2,10.4,2.2,0.4
3021X75342,226,X75342,12,31,41,27,35,27,55,18,18,29,76,16,26,11,40,26,77,8,13,22,22,16,12,-5,6,33,6,-3,20,-6,6,41,40,14,10,13,H.sapiens SHB mRNA,H.sapiens SHB mRNA.,0.0075,32,14,2.2,0.5,31.9,14.4,2.2,0.5
562L09604,368,L09604,94,232,161,201,507,114,170,217,106,238,177,181,178,330,320,110,184,30,93,65,77,91,37,213,126,78,65,73,124,91,121,42,49,91,105,67,"""Homo sapiens differentiation-dependent A4 protein mRNA, complete cds""",INTESTINAL MEMBRANE A4 PROTEIN (HUMAN);.,0.0030,197,89,2.2,0.5,197.2,89.4,2.2,0.5
1155H13133,289,H13133,93,18,41,56,26,59,35,48,73,67,36,84,20,69,54,50,36,43,25,27,24,29,22,30,7,27,30,34,21,22,9,10,60,22,-8,20,yj06f10.s1 Homo sapiens cDNA clone 147979 3' similar to gb:M88458 ER LUMEN PROTEIN RETAINING RECEPTOR 2 (HUMAN);,ER LUMEN PROTEIN RETAINING RECEPTOR 2 (Homo sapiens),0.0000,50,23,2.2,0.5,50.4,22.9,2.2,0.5
3667D29958_i,224,D29958,17,45,30,17,45,5,23,12,43,7,17,2,13,45,11,45,8,23,-3,12,17,12,-2,-9,10,19,-4,21,19,14,32,10,4,22,8,6,"""Human mRNA for KIAA0116 gene, partial cds""","Human mRNA (HA0800) for ORF, partial cds.",0.0161,23,10,2.2,0.5,22.6,10.3,2.2,0.5
2901R61366,315,R61366,73,55,81,32,72,62,59,15,40,28,49,20,59,2,50,70,29,76,-3,47,48,47,27,20,-18,2,-7,5,34,3,75,22,6,18,30,39,yh15d01.s1 Homo sapiens cDNA clone 37972 3',TRANSCRIPTIONAL REGULATOR IE63 HOMOLOG (Equine herpesvirus type 1),0.0013,48,22,2.2,0.5,48.3,22.0,2.2,0.5
1994M93651,329,M93651,226,179,206,129,135,153,64,152,93,150,164,79,120,99,266,99,91,329,84,123,101,35,60,57,34,55,37,95,98,33,70,51,102,55,28,126,"""Human set gene, complete cds""",SET PROTEIN (HUMAN);contains Alu repetitive element;.,0.0000,152,69,2.2,0.5,151.8,69.1,2.2,0.5
2458H11084,325,H11084,187,352,188,137,257,178,347,196,117,35,116,94,278,255,175,250,208,197,82,130,132,139,214,15,52,81,28,69,111,55,166,74,51,63,89,78,ym09g08.s1 Homo sapiens cDNA clone 47326 3',VASCULAR ENDOTHELIAL GROWTH FACTOR (Cavia porcellus),0.0000,198,90,2.2,0.5,198.2,90.5,2.2,0.5
2691R49217,25,R49217,22,9,4,87,7,59,76,10,-54,62,-6,6,176,-39,-21,-37,-29,63,-2,20,20,-1,11,4,18,-32,-25,-32,24,-2,21,18,-55,-1,-25,48,yg65e10.s1 Homo sapiens cDNA clone 38075 3',CARBOXYPEPTIDASE H PRECURSOR (Homo sapiens),0.1098,22,0,46.8,0.0,21.9,10.0,2.2,0.5
465U07695_f,306,U07695,89,32,59,36,73,43,71,64,42,67,34,48,61,99,-3,23,39,37,13,1,23,18,31,23,59,29,19,3,29,-14,36,-2,20,14,91,25,"""Human tyrosine kinase (HTK) mRNA, complete cds""","Human tyrosine kinase (HTK) mRNA, complete cds.",0.0040,51,23,2.2,0.5,50.8,23.2,2.2,0.5
1597D43772,330,D43772,33,48,31,37,56,14,112,19,8,27,6,35,40,30,37,31,16,38,26,16,19,33,23,0,13,11,11,23,19,20,16,7,21,8,-3,20,"""Human squamous cell carcinama of esophagus mRNA for GRB-7 SH2 domain protein, complete cds""","Human squamous cell carcinama of esophagus mRNA for GRB-7 SH2 domain protein, complete cds.",0.0034,34,16,2.2,0.5,34.2,15.7,2.2,0.5
3667D29958_f,260,D29958,21,42,23,20,53,11,29,13,17,13,13,33,6,26,10,55,-2,16,1,10,8,12,7,6,14,8,4,5,15,11,9,7,11,20,18,15,"""Human mRNA for KIAA0116 gene, partial cds""","Human mRNA (HA0800) for ORF, partial cds.",0.0049,22,10,2.2,0.5,22.1,10.1,2.2,0.5
5446X15653,350,X15653,7,26,62,24,50,24,47,28,62,9,5,59,22,59,33,90,108,19,5,15,7,12,19,40,24,29,17,23,12,35,13,14,19,33,8,14,Human cDNA for uracil-DNA glycosylase,Human cDNA for uracil-DNA glycosylase.,0.0058,41,19,2.2,0.5,40.7,18.7,2.2,0.5
1668M91670_r_i,298,M91670,24,88,67,39,174,148,92,83,170,8,57,85,5,227,168,55,133,21,11,49,35,8,75,92,25,70,59,30,13,40,-4,32,65,56,95,5,"""Human ubiquitin carrier protein (E2-EPF) mRNA, complete cds""","Human ubiquitin carrier protein (E2-EPF) mRNA, complete cds.",0.0008,91,42,2.2,0.5,91.4,42.1,2.2,0.5
2981H23098,266,H23098,53,99,86,114,114,22,83,12,98,65,52,39,220,14,80,105,3,94,26,39,31,87,53,23,-7,32,28,44,47,24,79,16,17,28,35,20,ym51d11.s1 Homo sapiens cDNA clone 52062 3',CHL1 PROTEIN (Saccharomyces cerevisiae),0.0011,75,35,2.2,0.5,75.2,34.7,2.2,0.5
253R60749,453,R60749,50,40,27,21,24,19,24,4,19,40,30,28,9,-5,13,14,27,47,4,22,15,6,13,37,3,0,2,14,22,-3,11,5,11,7,21,9,yh02g11.s1 Homo sapiens cDNA clone 42130 3' similar to SP:JT0762 JT0762 SPLICING FACTOR SF2 P32 CHAIN PRECURSOR - ;,JT0762 SPLICING FACTOR SF2 P32 CHAIN PRECURSOR - ;.,0.0031,24,11,2.2,0.5,24.0,11.1,2.2,0.5
2316T90280,327,T90280,254,172,171,220,171,64,172,180,111,102,159,293,176,262,126,292,243,124,73,90,90,54,83,24,66,99,79,41,152,114,110,98,92,75,89,94,yd42c03.s1 Homo sapiens cDNA clone 110884 3' similar to gb:Y00282 RIBOPHORIN II PRECURSOR (HUMAN);,RIBOPHORIN II PRECURSOR (HUMAN);.,0.0000,183,84,2.2,0.5,182.8,84.5,2.2,0.5
2289R92183,64,R92183,2,-3,27,24,8,28,24,86,-18,4,3,32,22,20,37,19,41,33,14,2,5,10,-5,-4,5,-12,37,14,4,-5,12,-5,-13,-3,2,5,yq03a06.s1 Homo sapiens cDNA clone 195826 3' similar to gb:X04481 COMPLEMENT C2 PRECURSOR (HUMAN);,COMPLEMENT C2 PRECURSOR (HUMAN);.,0.0244,22,4,6.1,0.2,21.6,10.0,2.2,0.5
2863X70326,320,X70326,246,168,237,136,203,223,97,112,202,214,243,207,193,185,250,193,150,202,85,100,162,88,68,120,37,60,41,71,89,78,40,117,204,60,53,129,H.sapiens MacMarcks mRNA,MacMarcks,0.0000,192,89,2.2,0.5,192.4,88.9,2.2,0.5
1410R54097,291,R54097,63,99,157,65,188,60,107,41,41,46,7,158,16,113,82,123,71,20,16,62,38,11,85,31,25,10,14,68,13,23,63,26,58,84,41,6,yg98e07.s1 Homo sapiens cDNA clone 41511 3' similar to gb:M29536 TRANSLATIONAL INITIATION FACTOR 2 BETA SUBUNIT (HUMAN);,TRANSLATIONAL INITIATION FACTOR 2 BETA SUBUNIT (HUMAN);.,0.0011,81,37,2.2,0.5,81.0,37.5,2.2,0.5
4132U32519,332,U32519,46,16,36,19,13,4,11,17,15,22,29,15,23,29,44,18,13,40,17,6,21,11,9,0,4,4,21,12,9,-5,8,10,27,16,4,15,"""Human GAP SH3 binding protein mRNA, complete cds""","Human GAP SH3 binding protein mRNA, complete cds.",0.0000,23,11,2.2,0.5,22.8,10.6,2.2,0.5
2682X63692,275,X63692,34,70,65,43,85,10,27,19,23,40,30,25,94,28,45,81,17,104,9,35,36,26,40,3,22,22,6,21,46,11,31,7,16,15,12,31,H.sapiens mRNA for DNA (cytosin-5)-methyltransferase,H.sapiens mRNA for DNA (cytosin-5)-methyltransferase.,0.0004,47,22,2.2,0.5,46.7,21.7,2.2,0.5
103D13315_i,358,D13315,154,158,137,158,110,77,100,120,68,84,124,102,51,250,95,130,166,158,81,103,46,49,77,35,65,81,79,68,50,85,26,37,54,69,11,23,Human mRNA for lactoyl glutathione lyase,LACTOYLGLUTATHIONE LYASE (HUMAN);contains Alu repetitive element;.,0.0001,125,58,2.2,0.5,124.5,57.7,2.2,0.5
9872T50508,285,T50508,28,13,40,37,110,24,35,32,44,23,62,49,61,14,74,75,8,76,20,23,20,17,16,51,15,17,19,29,5,9,39,42,-2,29,-6,32,yb76h03.s1 Homo sapiens cDNA clone 77141 3',TRANSCRIPTION INITIATION PROTEIN SPT4 (Saccharomyces cerevisiae),0.0057,45,21,2.2,0.5,44.7,20.8,2.2,0.5
241L19872_r_i,279,L19872,7,69,56,24,21,36,24,42,11,-3,14,29,3,46,20,14,12,37,13,27,20,1,15,-2,5,33,3,6,10,9,7,22,23,9,8,5,"""Human AH-receptor mRNA, complete cds""","Human AH-receptor mRNA, complete cds.",0.0019,26,12,2.2,0.5,25.8,12.0,2.2,0.5
2552R56399,343,R56399,79,111,102,20,119,37,67,60,52,32,52,57,121,63,52,149,32,70,25,48,53,44,54,41,22,12,5,20,59,22,56,29,30,22,18,33,yg90a12.s1 Homo sapiens cDNA clone 40650 3',DEPRESSED GROWTH-RATE PROTEIN DEG1 (Saccharomyces cerevisiae),0.0002,71,33,2.1,0.5,70.7,32.9,2.1,0.5
3671X90872,262,X90872,51,64,70,51,27,-2,10,12,9,61,44,36,72,9,41,25,0,89,47,33,35,39,30,-6,-8,-24,-7,30,55,-12,44,4,9,4,-20,60,H.sapiens mRNA for gp25L2 protein,H.sapiens mRNA for gp25L2 protein.,0.0000,37,17,2.1,0.5,37.2,17.3,2.1,0.5
1726H24030,323,H24030,164,150,132,136,175,87,89,105,101,94,173,74,75,197,157,117,100,199,95,62,61,56,68,72,46,46,42,54,55,23,63,49,50,94,87,61,ym49h04.s1 Homo sapiens cDNA clone 51695 3' similar to SP:S40237 S40237 CHAPERONIN - ;,S40237 CHAPERONIN - ;.,0.0000,129,60,2.1,0.5,129.1,60.1,2.1,0.5
62M93425,282,M93425,15,22,61,14,17,38,34,40,31,10,14,44,18,112,19,59,47,22,17,3,10,7,4,2,31,20,17,9,8,28,19,33,12,29,25,11,"""Human protein tyrosine phosphatase (PTP-PEST) mRNA, complete cds""",PROTEIN-TYROSINE PHOSPHATASE G1 (HUMAN);contains Alu repetitive element;.,0.0014,34,16,2.1,0.5,34.3,16.0,2.1,0.5
1435T57468,324,T57468,192,184,97,136,101,86,41,57,56,101,104,112,91,57,105,73,60,129,42,66,84,38,33,76,43,19,28,60,54,25,39,25,63,38,54,46,yb56b11.s1 Homo sapiens cDNA clone 75165 3' similar to gb:M59849 FIBRILLARIN (HUMAN),FIBRILLARIN (HUMAN).,0.0000,99,46,2.1,0.5,99.1,46.2,2.1,0.5
1517H20529,359,H20529,178,69,75,161,124,99,113,47,66,90,169,75,97,62,118,121,112,190,105,77,72,57,65,21,6,37,29,47,52,52,34,49,63,53,14,84,ym47b06.s1 Homo sapiens cDNA clone 51417 3' similar to gb:M73554 G1/S-SPECIFIC CYCLIN D1 (HUMAN);,G1/S-SPECIFIC CYCLIN D1 (Homo sapiens),0.0000,109,51,2.1,0.5,109.1,50.9,2.1,0.5
1625H59259,385,H59259,34,26,62,25,53,10,24,25,38,22,28,43,30,42,35,12,20,17,6,27,17,10,30,30,15,13,16,22,8,25,-3,5,16,17,-8,10,yr04d06.s1 Homo sapiens cDNA clone 204299 3' similar to gb:L07493 REPLICATION PROTEIN A 14 KD SUBUNIT (HUMAN);,REPLICATION PROTEIN A 14 KD SUBUNIT (HUMAN);.,0.0005,30,14,2.1,0.5,30.4,14.2,2.1,0.5
8529H68165,331,H68165,27,37,30,15,33,15,17,9,23,23,22,14,42,38,16,39,10,30,10,13,13,19,13,11,21,4,9,13,13,-5,21,13,9,11,6,12,yu55a12.s1 Homo sapiens cDNA clone 230014 3',PRE-MRNA SPLICING FACTOR SRP75 (Homo sapiens),0.0000,24,11,2.1,0.5,24.5,11.4,2.1,0.5
3796R87490,338,R87490,55,99,81,36,134,23,64,60,89,41,52,49,91,63,124,82,37,91,22,43,47,37,37,14,25,21,21,34,36,32,34,25,33,60,13,63,ym90f01.s1 Homo sapiens cDNA clone 166201 3',TRANSLATIONAL INITIATION FACTOR 2 GAMMA SUBUNIT (Homo sapiens),0.0000,71,33,2.1,0.5,70.5,33.1,2.1,0.5
9035T87871_i,355,T87871,269,255,220,234,159,144,148,147,205,196,300,145,271,302,142,209,147,262,86,148,85,90,153,65,64,42,66,130,139,91,164,100,42,108,27,167,yd93b07.s1 Homo sapiens cDNA clone 115765 3',MYOBLAST CELL SURFACE ANTIGEN 24.1D5 (Homo sapiens),0.0000,209,98,2.1,0.5,208.7,98.1,2.1,0.5
4327H64427,364,H64427,51,68,71,28,28,37,34,135,36,63,72,43,17,37,27,67,36,12,36,20,36,21,20,21,19,14,15,45,27,33,21,10,37,21,0,11,yu62h03.s1 Homo sapiens cDNA clone 238421 3' similar to gb:X57958 60S RIBOSOMAL PROTEIN L7 (HUMAN);,60S RIBOSOMAL PROTEIN L7 (Homo sapiens),0.0019,48,23,2.1,0.5,48.0,22.6,2.1,0.5
3719R83349,250,R83349,57,38,41,3,10,16,-6,15,27,21,60,19,18,2,15,13,0,32,9,13,23,4,13,0,4,-1,1,-5,14,3,4,6,18,11,-10,48,yp06b02.s1 Homo sapiens cDNA clone 186603 3',EUKARYOTIC INITIATION FACTOR 4B (Homo sapiens),0.0081,21,9,2.4,0.4,21.2,10.0,2.1,0.5
1695U16270,314,U16270,50,50,67,87,112,35,41,-1,37,49,27,33,129,8,38,78,17,78,28,38,35,49,64,1,16,3,4,35,32,-5,37,2,22,35,14,30,"""Human AMP deaminase isoform L (AMPD2) mRNA,  exons 6-18, partial cds""","Human AMP deaminase isoform L (AMPD2) mRNA,  exons 6-18, partial cds.",0.0001,52,24,2.1,0.5,52.0,24.5,2.1,0.5
3504U34994,65,U34994,40,41,30,12,12,15,12,9,17,17,31,13,18,17,8,47,10,33,1,8,6,3,6,4,4,2,-1,-2,7,5,10,4,2,5,-10,11,"""Human DNA-dependent protein kinase catalytic subunit (DNA-PKcs) mRNA, complete cds""","Human DNA-dependent protein kinase catalytic subunit (DNA-PKcs) mRNA, complete cds.",0.0000,21,4,5.7,0.2,21.2,10.0,2.1,0.5
2808R53499,283,R53499,2,21,25,8,11,20,23,18,40,-1,4,32,2,236,20,11,24,12,11,7,26,-0,17,16,17,11,18,6,14,43,7,15,20,9,3,0,yj70c12.s1 Homo sapiens cDNA clone 154102 3' similar to gb:M34668 PROTEIN-TYROSINE PHOSPHATASE ALPHA PRECURSOR (HUMAN);,PROTEIN-TYROSINE PHOSPHATASE ALPHA PRECURSOR (Homo sapiens),0.2471,28,13,2.1,0.5,28.2,13.3,2.1,0.5
2483D14665,384,D14665,60,164,118,52,91,89,69,52,62,62,29,57,102,316,92,112,143,152,41,21,46,34,67,19,29,41,41,59,76,51,41,62,91,38,48,55,"""Human mRNA for KIAA0021 gene, complete cds""","Human mRNA for ORF, complete cds.",0.0037,101,48,2.1,0.5,101.1,47.8,2.1,0.5
1756T98555,280,T98555,79,166,89,101,114,72,83,93,83,65,85,120,102,366,63,125,78,96,76,78,47,52,57,94,36,46,31,57,40,32,76,34,41,40,46,56,ye70f09.s1 Homo sapiens cDNA clone 123113 3',DNA-DIRECTED RNA POLYMERASES I AND III 16 KD POLYPEPTIDE (Saccharomyces cerevisiae),0.0041,110,52,2.1,0.5,110.1,52.1,2.1,0.5
3093X13482,337,X13482,39,92,51,16,58,20,36,15,47,43,96,16,58,32,57,85,17,58,14,35,18,20,33,15,16,17,12,9,32,24,42,10,14,32,25,27,Human mRNA for U2 snRNP-specific A' protein,U2 SMALL NUCLEAR RIBONUCLEOPROTEIN A' (HUMAN);contains MER22 repetitive element ;.,0.0002,46,22,2.1,0.5,46.4,22.0,2.1,0.5
1835Y00285,383,Y00285,40,55,65,90,76,30,44,63,90,39,29,61,39,27,81,51,20,77,38,50,48,27,60,15,-1,14,4,38,35,25,24,-8,24,19,24,27,Human mRNA for insuline-like growth factor II receptor,Human mRNA for insuline-like growth factor II receptor.,0.0003,54,26,2.1,0.5,54.2,25.7,2.1,0.5
2620X04366,128,X04366,7,5,6,37,16,29,28,-7,-11,59,17,49,18,28,25,9,25,37,19,33,18,9,16,3,22,-10,-37,-23,33,-5,23,-1,-3,-11,28,5,"""Human mRNA for calcium activated neutral protease large subunit (muCANP, calpain, EC 3.4.22.17)""","Human mRNA for calcium activated neutral protease large subunit (muCANP, calpain, EC 3.4.22.17).",0.0376,21,7,3.2,0.3,21.0,10.0,2.1,0.5
1812M94345_f,433,M94345,180,203,186,246,177,119,136,141,37,175,222,147,188,42,169,-4,264,273,197,98,213,179,111,-3,-39,113,-24,50,73,57,23,33,118,55,87,41,"""Homo sapiens macrophage capping protein mRNA, complete cds""","Homo sapiens macrophage capping protein mRNA, complete cds.",0.0003,161,77,2.1,0.5,161.1,76.8,2.1,0.5
4120Y00486,85,Y00486,26,18,28,16,26,25,7,20,-3,22,41,55,4,22,18,33,25,-7,-6,-24,-26,11,-24,97,-8,30,12,-2,-16,5,-1,5,13,12,50,-19,Human APRT gene for adenine phosphoribosyltransferase,Human APRT gene for adenine phosphoribosyltransferase.,0.0687,21,6,3.4,0.3,21.0,10.0,2.1,0.5
8040T96873,389,T96873,83,109,147,57,64,47,54,46,64,76,179,38,117,55,26,43,130,100,28,38,57,61,46,39,43,37,27,43,41,8,69,21,13,19,45,50,ye52b12.s1 Homo sapiens cDNA clone 121343 3',HYPOTHETICAL PROTEIN IN TRPE 3'REGION (Spirochaeta aurantia),0.0001,80,38,2.1,0.5,79.7,38.0,2.1,0.5
3139Z28409,360,Z28409,31,73,41,32,83,26,27,25,54,19,24,17,37,99,44,54,27,41,11,24,21,30,33,5,13,19,10,17,29,35,38,8,23,25,8,12,H.sapiens coprox gene for coproporphyrinogen oxidase,H.sapiens coprox gene for coproporphyrinogen oxidase.,0.0020,42,20,2.1,0.5,41.9,20.1,2.1,0.5
1842H15528,347,H15528,24,53,31,38,49,12,8,20,32,25,23,23,23,41,47,26,31,49,16,12,18,18,27,9,22,8,18,9,17,10,15,12,17,19,11,7,ym27b01.s1 Homo sapiens cDNA clone 49278 3',ATP SYNTHASE A CHAIN (Trypanosoma brucei brucei),0.0001,31,15,2.1,0.5,30.7,14.8,2.1,0.5
2603X51699_i,599,X51699,34,2,64,70,3,132,-12,90,2,164,5,26,42,39,132,-64,20,85,6,41,6,39,-4,-15,84,80,19,78,18,-39,-1,-13,68,-36,59,11,Human mRNA for bone Gla protein,OSTEOCALCIN PRECURSOR (HUMAN);.,0.0919,46,22,2.1,0.5,46.3,22.3,2.1,0.5
1066T83368,374,T83368,82,126,131,78,156,47,48,89,56,33,45,61,21,164,120,19,117,89,33,72,51,44,91,25,27,56,23,57,32,37,25,13,56,28,22,23,ye03f08.s1 Homo sapiens cDNA clone 116679 3' similar to gb:X59405 MEMBRANE COFACTOR PROTEIN PRECURSOR (HUMAN);,MEMBRANE COFACTOR PROTEIN PRECURSOR (Homo sapiens),0.0004,82,40,2.1,0.5,82.3,39.6,2.1,0.5
1198D38551,409,D38551,85,89,70,58,76,48,45,33,50,12,48,52,13,210,58,58,95,107,54,54,36,25,65,14,22,59,3,48,26,18,18,21,35,22,41,21,"""Human mRNA for KIAA0078 gene, complete cds""","Human mRNA (KIAA0078) for ORF (s.pombe rad21 gene product-related), complete cds.",0.0063,67,32,2.1,0.5,67.0,32.3,2.1,0.5
3058X77588_f,348,X77588,59,35,23,132,98,40,106,34,63,79,57,125,304,99,66,199,33,56,51,27,52,44,61,25,30,14,40,56,61,35,22,45,58,54,10,90,H.sapiens TE2 mRNA for ARD-1 N-acetyltransferase homologue,H.sapiens TE2 mRNA for ARD-1 N-acetyltransferase homologue.,0.0165,89,43,2.1,0.5,89.2,43.0,2.1,0.5
2615X06661,83,X06661,5,2,3,0,-1,1,0,3,3,16,-1,-3,131,-16,83,-4,1,151,-4,-4,-1,0,3,-4,-17,-3,-13,11,5,5,-4,2,-21,-2,2,3,Human mRNA for 27-kDa calbindin,Human mRNA for 27-kDa calbindin.,0.0671,21,-2,-9.0,-0.1,20.7,10.0,2.1,0.5
1032L13278,416,L13278,99,116,116,82,190,48,53,16,21,43,55,4,88,-8,6,26,40,154,75,39,10,57,54,-2,-16,13,40,49,52,15,50,-10,23,28,30,50,"""Homo sapiens zeta-crystallin/quinone reductase mRNA, complete cds""",QUINONE OXIDOREDUCTASE (HUMAN);contains PTR5 repetitive element ;.,0.0087,64,31,2.1,0.5,63.8,30.8,2.1,0.5
4384H73160,66,H73160,20,39,54,10,47,2,16,0,14,17,15,9,74,14,-4,9,16,21,-1,3,8,12,10,-4,1,4,8,4,7,3,18,8,1,6,-2,5,ys11d01.s1 Homo sapiens cDNA clone 214465 3',OXYSTEROL-BINDING PROTEIN (Homo sapiens),0.0014,21,5,4.0,0.3,20.7,10.0,2.1,0.5
2818Z25521_f,344,Z25521,96,261,149,73,245,80,80,26,132,58,54,108,150,120,158,105,39,141,57,81,75,65,72,43,52,39,28,73,54,40,67,32,64,47,28,88,"""H.sapiens integrin associated protein mRNA, complete CDS,""","H.sapiens integrin associated protein mRNA, complete CDS,.",0.0003,115,56,2.1,0.5,115.3,55.7,2.1,0.5
2006M74558,414,M74558,13,35,25,12,57,-1,17,15,13,26,19,40,25,41,38,17,5,28,6,18,13,15,17,22,9,1,35,20,7,7,2,2,10,6,0,16,"""Human SIL mRNA, complete cds""","Human SIL mRNA, complete cds.",0.0082,24,11,2.1,0.5,23.6,11.4,2.1,0.5
1167H23544,378,H23544,181,211,238,143,194,94,84,111,97,122,137,150,137,138,196,93,139,228,105,95,107,70,91,124,45,48,35,100,96,43,68,35,92,40,43,67,ym53b03.s1 Homo sapiens cDNA clone 51894 3' similar to gb:M31469 GTP-BINDING NUCLEAR PROTEIN RAN (HUMAN);,GTP-BINDING NUCLEAR PROTEIN RAN (Homo sapiens),0.0000,150,73,2.1,0.5,149.7,72.5,2.1,0.5
726M94630_f,369,M94630,173,177,148,169,129,68,110,37,171,115,191,109,289,75,40,195,128,164,51,52,75,108,64,23,74,26,39,114,95,29,114,85,35,59,56,108,"""Homo sapiens hnRNP-C like protein mRNA, complete cds""","Homo sapiens hnRNP-C like protein mRNA, complete cds.",0.0000,138,67,2.1,0.5,138.2,67.1,2.1,0.5
240L16782,459,L16782,16,48,33,5,35,16,27,11,15,5,25,17,24,25,30,31,8,15,6,14,10,22,9,-1,13,9,-8,24,14,7,16,10,9,8,15,11,"""Human putative M phase phosphoprotein 1 (MPP1) mRNA, partial cds""","Human putative M phase phosphoprotein 1 (MPP1) mRNA, partial cds.",0.0046,21,10,2.0,0.5,21.4,10.4,2.0,0.5
2773D63874,342,D63874,425,441,505,401,342,460,702,527,413,481,812,684,530,956,470,762,584,396,228,333,301,248,325,167,205,212,181,278,371,215,311,263,329,279,284,308,"""Human mRNA for HMG-1, complete cds""",Human mRNA for HMG-1.,0.0000,549,269,2.0,0.5,549.5,268.7,2.0,0.5
3670U33819,140,U33819,-3,11,33,5,9,108,18,15,37,-8,17,8,2,28,54,29,7,-1,2,3,24,-9,14,96,58,15,20,-7,-4,25,11,10,18,-210,3,-16,"""Human zinc-finger DNA binding protein (MAZ) mRNA, partial cds""","Human zinc-finger DNA binding protein (MAZ) mRNA, partial cds.",0.2156,20,3,6.9,0.1,20.4,10.0,2.0,0.5
491U10324,366,U10324,162,116,155,117,148,27,58,52,44,58,79,50,182,69,54,129,65,113,31,51,48,77,51,14,38,20,27,46,76,35,115,31,18,45,27,71,"""Human nuclear factor NF90 mRNA, complete cds""","Human nuclear factor NF90 mRNA, complete cds.",0.0000,93,46,2.0,0.5,93.1,45.7,2.0,0.5
4109K03474_i,367,K03474,37,84,28,194,250,75,52,56,129,80,137,35,479,17,69,78,34,169,22,44,34,96,35,8,68,62,59,87,57,76,96,47,59,27,23,88,"""Human Mullerian inhibiting substance gene, complete cds""","Human Mullerian inhibiting substance gene, complete cds.",0.0308,111,55,2.0,0.5,111.2,54.8,2.0,0.5
1350R37660_s,237,R37660,56,45,81,34,26,25,27,28,44,7,98,79,11,122,41,44,51,56,9,47,22,6,34,5,52,37,7,18,20,47,19,25,12,31,24,15,yf61e01.s1 Homo sapiens cDNA clone 26573 3' similar to gb:M31303_rna1 STATHMIN (HUMAN);,STATHMIN (Homo sapiens),0.0055,48,24,2.0,0.5,48.5,23.9,2.0,0.5
2133R06977_i,61,R06977,21,14,36,29,4,51,25,10,-4,33,32,63,-3,34,-14,20,-2,18,-2,2,6,-13,-23,16,-4,10,23,23,4,31,11,1,-29,-9,-7,-22,yf12b09.s1 Homo sapiens cDNA clone 126617 3',GLUCOKINASE REGULATORY PROTEIN (Rattus norvegicus),0.0004,20,1,21.3,0.0,20.3,10.0,2.0,0.5
884R37480,386,R37480,330,252,191,122,167,120,85,52,106,143,85,89,269,51,69,249,148,215,74,81,74,89,65,58,41,41,86,98,103,56,109,47,48,121,56,106,yf77d10.s1 Homo sapiens cDNA clone 28595 3' similar to gb:J03459 LEUKOTRIENE A-4 HYDROLASE (HUMAN);,LEUKOTRIENE A-4 HYDROLASE (HUMAN);.,0.0002,152,75,2.0,0.5,152.4,75.2,2.0,0.5
2382R41873,339,R41873,29,131,91,42,87,44,72,142,67,15,96,206,6,143,126,118,54,37,32,76,67,22,63,63,30,59,31,20,47,37,26,37,51,33,36,13,yg12g03.s1 Homo sapiens cDNA clone 31960 3',PUTATIVE 126.9 KD TRANSCRIPTIONAL REGULATORY PROTEIN IN YSW1-RIB7 INTERGENIC REGION (Saccharomyces cerevisiae),0.0015,84,41,2.0,0.5,83.7,41.3,2.0,0.5
2887R60023,408,R60023,46,55,27,10,25,21,14,7,16,14,43,25,3,-2,6,18,18,17,4,9,10,20,9,-7,27,14,9,5,14,-4,9,11,9,6,23,10,yh12b06.s1 Homo sapiens cDNA clone 42910 3',H.sapiens NADP+ dependent cytoplasmic malic enzyme mRNA.,0.0285,20,10,2.1,0.5,20.3,10.0,2.0,0.5
854J05272,346,J05272,63,54,53,28,38,29,42,24,19,20,63,43,96,47,17,49,19,31,21,17,17,20,22,1,27,15,4,33,41,16,30,19,10,22,21,25,Human IMP dehydrogenase type 1 mRNA complete cds,INOSINE-5'-MONOPHOSPHATE DEHYDROGENASE 1 (HUMAN);.,0.0002,41,20,2.0,0.5,40.8,20.1,2.0,0.5
876M34458,168,M34458,28,24,18,6,22,16,13,9,18,16,6,23,15,16,55,23,11,45,6,4,9,10,1,23,1,7,4,2,15,6,6,3,10,8,6,11,"""Human lamin B mRNA, complete cds""",LAMIN B1 (HUMAN); gb:X14170 Murine mRNA for lamin C (MOUSE);.,0.0008,20,7,2.8,0.4,20.2,10.0,2.0,0.5
2488D21163,981,D21163,25,12,6,36,6,18,28,48,11,67,11,26,22,-20,5,6,28,46,11,3,14,22,14,15,37,-3,-32,30,9,10,8,16,5,-5,38,-1,"""Human mRNA for KIAA0031 gene, complete cds""","Human mRNA (KIAA0031) for ORF (human elongation factor 2 homologue), complete cds.",0.0597,21,11,2.0,0.5,21.3,10.5,2.0,0.5
3152D31885,372,D31885,219,474,303,227,313,278,312,273,280,198,467,374,127,340,371,319,424,421,120,195,194,118,142,81,107,271,138,133,183,106,162,99,172,158,236,223,"""Human mRNA for KIAA0069 gene, partial cds""","Human mRNA (KIAA0069) for ORF (novel proetin), partial cds.",0.0000,318,158,2.0,0.5,317.7,157.7,2.0,0.5
1606X64330,418,X64330,165,111,117,222,155,120,117,84,71,106,60,131,203,158,173,190,41,172,76,73,78,93,115,40,25,8,58,67,110,42,92,45,103,66,19,82,H.sapiens mRNA for ATP-citrate lyase,H.sapiens mRNA for ATP-citrate lyase.,0.0000,133,66,2.0,0.5,133.1,66.2,2.0,0.5
8287H10671,377,H10671,49,59,59,63,42,15,37,41,37,43,61,58,39,106,35,60,68,53,27,38,29,22,26,15,24,29,23,29,32,26,35,24,22,29,2,27,yl99f12.s1 Homo sapiens cDNA clone 46344 3',"ANKYRIN, BRAIN VARIANT 2 (Homo sapiens)",0.0001,51,26,2.0,0.5,51.4,25.6,2.0,0.5
9669R50499,481,R50499,59,46,54,74,47,65,7,58,79,20,122,49,65,40,52,138,164,54,33,77,17,7,20,101,15,8,31,38,58,-18,74,44,-20,64,-16,60,yj60e02.s1 Homo sapiens cDNA clone 153146 3',FIBRINOGEN BETA CHAIN PRECURSOR (Homo sapiens),0.0152,66,33,2.0,0.5,66.2,33.0,2.0,0.5
1541R42797,390,R42797,30,293,52,75,118,12,18,0,19,44,6,23,79,20,14,42,51,80,30,60,31,31,69,-1,6,2,10,47,32,10,58,13,22,25,22,22,yg14c07.s1 Homo sapiens cDNA clone 32326 3',TRYPSIN INHIBITOR CME PRECURSOR (Hordeum vulgare),0.0532,54,27,2.0,0.5,54.3,27.1,2.0,0.5
2774Z17240,322,Z17240,2,152,90,21,70,71,78,35,76,1,75,103,3,120,45,116,51,11,6,50,55,13,51,71,33,35,23,17,4,37,0,31,64,29,36,5,Homo sapiens for mRNA encoding HMG2B,Homo sapiens for mRNA encoding HMG2B.,0.0031,62,31,2.0,0.5,62.3,31.1,2.0,0.5